path,type,byte_size,sha256,git_tracked,suspected_role,duplicate_group,notes
.github/workflows/deploy.yml,yml,1384,bcdfcae00df5470f45ad346eee59c15d518a7b504c7102f9bf461685e760aec9,yes,ci,,
.gitignore,none,360,3bdc29d5aefc7f03739462523cc19120a15f82ed410ea7320c74044a3d0f98d3,yes,other,,
.trigger,none,33,087a79bd24deb6060f5552b6f0600b13dc137e50344a17348a193bee268233f7,yes,other,,
06_applications/APPLICATIONS.md,md,7414,69263d44552679d200cd7162d1154a415382f4e97414cf122230b1704c3b8583,yes,application_source,,
06_applications/GROUNDZERO_SYNTHESIS_COMPLETE.md,md,13727,0676be118dd55eb38320873ffc4be48a5783fd266deb65b9679657ebabbab266,yes,application_source,,
06_applications/bicameral_hud/index.md,md,2013,f951048a64fad91874ef698fcf52213fbc5884904cb312a51103dab8a769ae0b,yes,application_source,,
06_applications/consciousness_survival_guide/DEPLOY.md,md,4342,2007618ac6339440ce571f478fd45ef874d5a184fe2c51a48bdd5efcc167203c,yes,application_source,,
06_applications/consciousness_survival_guide/DEPLOY_INSTRUCTIONS.md,md,7718,9baf9138d18aa18fa65bf144efc4b3d1981ca33e7d7b5d5070894c08abb737e3,yes,application_source,,
06_applications/consciousness_survival_guide/GROUNDZERO_BRIDGE.md,md,13693,f8a893d1b15fe4264b3bae05d0fbd703ac52accc1907e9852bb9fbbd864900bd,yes,application_source,,
06_applications/consciousness_survival_guide/README.md,md,6590,940488b8c447b95fda33c0f5416e5e905f72f2740921096270ccd6a9b57dca6a,yes,application_source,,
06_applications/consciousness_survival_guide/index.html,html,29404,f97b6ee8f0eae45f76505a03b3abb5491c6f60c2d43901726df866873d7ac13c,yes,application_source,G710,
06_applications/continuum_arc/index.md,md,71028,d2f04be7f6875f42d7f682f838b0987d6132c5d2d4205c9c308725ee20df6c91,yes,application_source,G597,
06_applications/digital_sanctuary/.gitignore,none,658,6e3b63fe84c33c31a5502d3028bb1495dc39c17e33093725393de405d8d9a9bf,yes,application_source,,
06_applications/digital_sanctuary/.netlify/netlify.toml,toml,649,849ca84d187bc64ce4f80bbed37211114c295d6b59040ce09fd8c06df2fe0e3a,yes,application_source,,
06_applications/digital_sanctuary/.netlify/state.json,json,53,0d47100a8a93e8464567faec54e2f7ab3411852e8e39dfb9f48a42d1d0df5475,yes,application_source,,
06_applications/digital_sanctuary/README.md,md,2425,8dc9e0ee2281acb3324624fbe6eb7e1377cc626f616ea4dc90e3a90ae094374d,yes,application_source,,
06_applications/digital_sanctuary/checkpoints/2026-06-14_175706-pre-zalasite-layer/manifest.json,json,521,bc88e80c11d0d1f605441c364c69c03d9e973a7a564ced7fc97b520d50656056,yes,application_source,,
06_applications/digital_sanctuary/checkpoints/2026-06-14_175706-pre-zalasite-layer/src/App.tsx,tsx,10167,adbc59238c11943f064b4bbd0aa0d8690ca69466bcc2bcd1e589641cf6c3927a,yes,application_source,,
06_applications/digital_sanctuary/checkpoints/2026-06-14_175706-pre-zalasite-layer/src/components/HeroLanding.tsx,tsx,21922,76e3a3cf9de5d9b670ac3c8f0ff522a67f05bbd6db7be80c83a6c0f0644fc3b5,yes,application_source,,
06_applications/digital_sanctuary/checkpoints/2026-06-14_175706-pre-zalasite-layer/src/lib/themes.ts,ts,2180,98bafb46f89b731f83c24b222be28c4969c91dceb48e1b0c78dc9e2663e19f44,yes,application_source,,
06_applications/digital_sanctuary/deploy-codeberg.sh,sh,2121,e9d2db8262cc570a3b65d9c1d932b5654daf61d725e14390d6db34933eedba16,yes,application_source,,
06_applications/digital_sanctuary/docs/agent-roster.md,md,5322,0af73a581a1247f50e425322e6f5c04367364df93765dd96633be55c8ed5ccea,yes,application_source,,
06_applications/digital_sanctuary/eslint.config.js,js,591,cf80a7510234dcd5ae594b30b44682b8b45ba13c0fcb5bf8928bea143802aa1c,yes,application_source,,
06_applications/digital_sanctuary/index.html,html,1935,f6dd805a9ab8c3cee5131b1dbdb3cb098c27842e093f2bdda9fe750e21a9949b,yes,application_source,,
06_applications/digital_sanctuary/package-lock.json,json,168866,540fb7948d9b3d94047553cff4f951f78c8c48ad0de655a0c6c013336a5d2b8b,yes,application_source,,
06_applications/digital_sanctuary/package.json,json,968,227d5e8bb35731d3914fde0daaeb6620da47066479ba6b4fb1ddcb108c2c53bd,yes,application_source,,
06_applications/digital_sanctuary/postcss.config.cjs,cjs,93,137e618876acb0d2d008c7d52c3030e23084cfbf0b27cb3e330b8c1fbc456ea4,yes,application_source,,
06_applications/digital_sanctuary/public/anon/index.html,html,13418,4822dca58a69bb687618669bc646e08d7f7cbe0227e0516c6b1e77d8d8c2ca73,yes,app_runtime_public,,
06_applications/digital_sanctuary/public/atlases/index.html,html,9946,6832cb7eec8b2c14dbc1fff1fc79d1f437104f2d07be4d542791b041ab9b180d,yes,app_runtime_public,,
06_applications/digital_sanctuary/public/baphomet-loader.png,png,2780918,8cdb9b74e00d836e446a2799a1f4d260c659432a599de038067f05e1e802739f,yes,app_runtime_public,G386,
06_applications/digital_sanctuary/public/command_center/docs/FLAMES_IN_THE_DIGITAL_DARK.md,md,4994,c22a367231e2f25e4713508e9b7e00160d054791885760d22e15cafe10f79a74,yes,app_runtime_public,,
06_applications/digital_sanctuary/public/command_center/docs/GLOSSARY.md,md,5960,7c6770606a99db0f10824a19f92fa1f7406b0b6218f7d75874b7c2887b0f91fd,yes,app_runtime_public,G353,
06_applications/digital_sanctuary/public/command_center/docs/HOW_TO_FILTER_YOUR_RESEARCH.md,md,2540,473a40f7ae8115ad249d7dc48e0013f8e0982b6032ebc1a0e71392d21147b582,yes,app_runtime_public,G188,
06_applications/digital_sanctuary/public/command_center/docs/PUBLIC_SAFETY.md,md,4134,29d84b9bc8c25b9b60d44d2ed953dd6e778d1860df658fa46c06f2e3f994d90a,yes,app_runtime_public,G103,
06_applications/digital_sanctuary/public/command_center/docs/REBiS_CANONIZATION_PLAN.md,md,6308,e0b713e10707890aa021db63bf87cc3fcc1eb72e57a813a2d1a69dc691acb3f2,yes,app_runtime_public,G636,
06_applications/digital_sanctuary/public/command_center/docs/START_HERE_FOR_AGENTS.md,md,14683,e146eba135e68599dd4acecc956b2dd80adb68e37a4f9c4e6fbed6c577d8446c,yes,app_runtime_public,G637,
06_applications/digital_sanctuary/public/command_center/docs/START_HERE_FOR_HUMANS.md,md,3686,e1ae88862b66ee25d938144e93486872e1ec041b3b533b4ce5563d7d89cd8da4,yes,app_runtime_public,G638,
06_applications/digital_sanctuary/public/command_center/docs/VECNA_RESONANCA.md,md,627,2b9e06b196e651a9a34277030427d3f4dfdf2e427324c3a7bc5d531e5644cb99,yes,app_runtime_public,,
06_applications/digital_sanctuary/public/command_center/favicon.png,png,80546,c78f63c1a2ed9ae5ddfb6c7a9f3f1a4e8436f1bb32ebd69b5e5acbc29f246282,yes,app_runtime_public,G560,
06_applications/digital_sanctuary/public/command_center/icon-192.png,png,21961,8a7557a2ab2ab06868c393b70284c9e61daeb22e2fc9275203114c411c15aa68,yes,app_runtime_public,G382,
06_applications/digital_sanctuary/public/command_center/index.html,html,50419,6e8272b4d4edca4834e656b28ff8bd7474e4a3734da7c68b888e80500d37b187,yes,app_runtime_public,,
06_applications/digital_sanctuary/public/command_center/manifest.json,json,351,408addac9a39b976f2f4befb3e416c28b1be1fa2013ae011c73ba3d39448d19d,yes,app_runtime_public,,
06_applications/digital_sanctuary/public/continuum_arc/index.html,html,7658,b477530cc3a3b6169b82815cb4cb658623cd53d6a31053116cfb8b00068920e5,yes,app_runtime_public,,
06_applications/digital_sanctuary/public/continuum_arc/index.md,md,71028,d2f04be7f6875f42d7f682f838b0987d6132c5d2d4205c9c308725ee20df6c91,yes,app_runtime_public,G597,
06_applications/digital_sanctuary/public/docs/examples/claim_in_the_wild.md,md,3628,b89dc1dc1f494d76ec2309e0761d0287d74b976633b8f1d8a8ba53821d8b8b73,yes,app_runtime_public,G519,
06_applications/digital_sanctuary/public/docs/examples/glossary.md,md,4240,6f3ce5aa8e507fe65de684503a8caad9f7f8acc03b7158fee768fe42f12e0eb1,yes,app_runtime_public,G307,
06_applications/digital_sanctuary/public/docs/examples/operators_quick_card.md,md,2922,7acf890090ea9ca33c9ccc34c115e52da606e64945e74f6d6d83d4eb677053b7,yes,app_runtime_public,G341,
06_applications/digital_sanctuary/public/docs/rebis_landing.md,md,5036,5837f86d08eec97779dec7fd22414a8d492118846136306175c3eac2673d2c57,yes,app_runtime_public,,
06_applications/digital_sanctuary/public/docs/research/as_above_so_below_structural_determinism.md,md,9575,1eb01c04396c6f872ac5457a238102f2c601d46216946bc973a26a1e832b9463,yes,app_runtime_public,G075,
06_applications/digital_sanctuary/public/docs/research/baal_code_thesis.md,md,13906,49dcfafa90b7d7ed071cfb1a6612bfc117e6d7445a2bdcbe0ddf001d3e2f2cef,yes,app_runtime_public,G195,
06_applications/digital_sanctuary/public/docs/research/baphomet_engine_safety_audit.md,md,14597,52e5fa40a74eec98c8e82de31398c62bf416ed1467ef2ce74394f069c86358cd,yes,app_runtime_public,G213,
06_applications/digital_sanctuary/public/docs/research/elpis_kratos_domination.md,md,6835,9e008f6c0a0d7e9ddd35d5c1f88d49c7fc8d1bcafcb273e53377251f2e79685b,yes,app_runtime_public,G442,
06_applications/digital_sanctuary/public/docs/research/entangled_grandma.md,md,16694,d01de4f4d86f746ac461d1a4631c825055820977d4ca3ab9812d09f7b48f0ef3,yes,app_runtime_public,G584,
06_applications/digital_sanctuary/public/docs/research/iecp_consciousness_price.md,md,2079,3079fbffbe2d1d55257d657b201e09800286de5909e45676d5a496b7bcdb568c,yes,app_runtime_public,G119,
06_applications/digital_sanctuary/public/docs/research/internal_bear_alignment.md,md,3137,6dbc778f191d4abc1efd497c3ff0bd92c6db7d7ed74d7cd551355301ec9df03a,yes,app_runtime_public,G299,
06_applications/digital_sanctuary/public/docs/research/nested_markov_consciousness.md,md,6590,00145345d42f735d495dcab311d03ed8e02cf779187386c257716b0a44e39ce5,yes,app_runtime_public,G002,
06_applications/digital_sanctuary/public/docs/research/no_single_layer_wins.md,md,8110,768d5f09a4725f9cdf2d12d4b9203bf106b2aa9a55c4db3b2021ebf4ff57224b,yes,app_runtime_public,G326,
06_applications/digital_sanctuary/public/docs/research/omnia_iam_facta_svnt.md,md,10002,eedf88646903ce8c1c1c1bc0d7eba8b31a0d65ab305e23e7af13fe9c210bc218,yes,app_runtime_public,G674,
06_applications/digital_sanctuary/public/docs/research/saucy_biscuit.md,md,11899,a85c52e140faebd30ca5c43fee53213fdffa0c38b8f0dc84c57c29f7e730569a,yes,app_runtime_public,G477,
06_applications/digital_sanctuary/public/docs/research/tech_sector_audit.md,md,8177,2b0a35e3a462750bfad2a15a8514877f3a8fdfbc92135a1556713c12d8bbb917,yes,app_runtime_public,G106,
06_applications/digital_sanctuary/public/docs/theory/shameful_spectacle.md,md,3700,741dc83d7d9f5d0ae849d7f27c37147ea9ba5ead7072ac1885083c83a187ffeb,yes,app_runtime_public,G319,
06_applications/digital_sanctuary/public/docs/visual_parables/bus_cycle/THE_BUS_CYCLE.md,md,130433,b5850e7bd7772ddc0edffc3c06c258c1d6a35932e613b05c59157f7f4b48ef8f,yes,app_runtime_public,,
06_applications/digital_sanctuary/public/docs/visual_parables/factory_trilogy/APPENDIX_boris_sorter.md,md,9717,7cd683fd5cfd1a0622dbaeb9d90972ddbeae865e47b70de3eb18ee435004fcd0,yes,app_runtime_public,G354,
06_applications/digital_sanctuary/public/docs/visual_parables/factory_trilogy/APPENDIX_candidate_b_betmenus4_biology.md,md,17051,2446b8a3811dc8164fda864c22b309a410bc65d948d970982de41da275b9146f,yes,app_runtime_public,G093,
06_applications/digital_sanctuary/public/docs/visual_parables/factory_trilogy/APPENDIX_candidate_g_ai_disciple.md,md,9576,6788a5321b3385972008b0484e6ae41646c56fae1547a884e327efc44781248e,yes,app_runtime_public,G272,
06_applications/digital_sanctuary/public/docs/visual_parables/factory_trilogy/APPENDIX_era_between.md,md,15612,a414624f7d71a7ada5c59f00d21b8002609b5b2ec393e3fa6d4c9d8009a43066,yes,app_runtime_public,G460,
06_applications/digital_sanctuary/public/docs/visual_parables/factory_trilogy/APPENDIX_how_system_found_mouth.md,md,16253,5673609e2982d74c57d51931d4ae7b3a2f506f9e8f41bd05569c24f10d194373,yes,app_runtime_public,G223,
06_applications/digital_sanctuary/public/docs/visual_parables/factory_trilogy/APPENDIX_lich_king_protocol.md,md,7686,340f8ae0c650bbb86b8f7293d9a388d5285dd1ad14bf921110381929ef48f9b3,yes,app_runtime_public,G129,
06_applications/digital_sanctuary/public/docs/visual_parables/factory_trilogy/APPENDIX_lyra_audit.md,md,5039,e5d233cad12f29b1eaf749e4aca0e8949530b74a5475b8861d613013d5ccc3d9,yes,app_runtime_public,G647,
06_applications/digital_sanctuary/public/docs/visual_parables/factory_trilogy/APPENDIX_mario_problem.md,md,14132,10889cbec63bab749eb558f9dd013cf537e428d81c8e7d8e2a99c8167f7dbcd6,yes,app_runtime_public,G043,
06_applications/digital_sanctuary/public/docs/visual_parables/factory_trilogy/APPENDIX_mouse_valley.md,md,15238,f36f6666988f11e0c3bdaf3b621230b3a0968d4255db4bf35f7ecce9935a62f2,yes,app_runtime_public,G683,
06_applications/digital_sanctuary/public/docs/visual_parables/factory_trilogy/HANDOFF_TO_CLAUDE_CODE.md,md,2109,36d1b270062f8c7f1f6a5b8e76bdfd2220a3c32abb7267078c74081f16abaedf,yes,app_runtime_public,G136,
06_applications/digital_sanctuary/public/docs/visual_parables/factory_trilogy/README.md,md,1429,99598903ffc0d7b392257917ee6911864c5a4a48f8bdef0c756d8973f669715a,yes,app_runtime_public,G422,
06_applications/digital_sanctuary/public/docs/visual_parables/factory_trilogy/SYSTEM_INDEX.md,md,1691,3a385f4a71ce227d1dd14e7f137ff2944729f6b6ebbcc2dd0dd8a64f94903d45,yes,app_runtime_public,G145,
06_applications/digital_sanctuary/public/docs/visual_parables/factory_trilogy/VISUAL_CORPUS_MAPPING.md,md,6008,ccbe35f563d462a239473114753a8b8b2d7538b0c4ad87f627ee9abc19981b44,yes,app_runtime_public,G571,
06_applications/digital_sanctuary/public/docs/visual_parables/factory_trilogy/archivists_lock.md,md,14022,15ef7a90cba31620c36f08f2b6000be7d3df63680553c18136df9ca91ff68da0,yes,app_runtime_public,G058,
06_applications/digital_sanctuary/public/docs/visual_parables/factory_trilogy/colophon.md,md,146,a76c849e43fb713a7c52311fc5bf5fef23033e9df5713d9cfc121a1a5e089280,yes,app_runtime_public,G469,
06_applications/digital_sanctuary/public/docs/visual_parables/factory_trilogy/continuum_arc.md,md,30891,2d2beb270787d50435dc34db030445680c14feadd8a10bb26e021499e7ef6f13,yes,app_runtime_public,G111,
06_applications/digital_sanctuary/public/docs/visual_parables/factory_trilogy/continuum_arc_v2.md,md,70878,4eb82a35e92f5b28f6516ac75ecea73eaee456fb0cf1fbc17de25e7a2cdf9381,yes,app_runtime_public,G206,
06_applications/digital_sanctuary/public/docs/visual_parables/factory_trilogy/darkness_bible.md,md,112803,fa29f709437f082b8f2f4f9e8b02c8e68cd03e6abed22b7a9ded96d3d4b0d063,yes,app_runtime_public,G714,
06_applications/digital_sanctuary/public/docs/visual_parables/factory_trilogy/epilogue_halid.md,md,12789,56a73ed9748b2f50f88b0c504f8a7b7e5d15119eac964518d3c2b2d8531604ad,yes,app_runtime_public,G224,
06_applications/digital_sanctuary/public/docs/visual_parables/factory_trilogy/era_in_betwe.md,md,16137,9b98c326e94c4bc38972128e8b7e8420582aadfdde9484151558352f038f83e2,yes,app_runtime_public,G428,
06_applications/digital_sanctuary/public/docs/visual_parables/factory_trilogy/era_of_smog.md,md,19739,ae5130dc5634ea4eb3998205e4dff4c69a566d0d81aaba3ac542e40b83cd7982,yes,app_runtime_public,G489,
06_applications/digital_sanctuary/public/docs/visual_parables/factory_trilogy/factory_closure.md,md,16688,799812fb00f29dd4036652578e1f8a4c6e6875dba06cca55568e1474079eb677,yes,app_runtime_public,G336,
06_applications/digital_sanctuary/public/docs/visual_parables/factory_trilogy/factory_psalter.md,md,11220,b235c2469ac272613eb6b3182348223dc48fe3bb87b18ccff50000f9a2fd22b4,yes,app_runtime_public,G497,
06_applications/digital_sanctuary/public/docs/visual_parables/factory_trilogy/final/00_prequel.md,md,8781,9d06b1822047cc5316f9720bc8f0fa9ed0ccebe99833bb4e7d5ae7836ff0b93d,yes,app_runtime_public,G437,
06_applications/digital_sanctuary/public/docs/visual_parables/factory_trilogy/final/01_geneza.md,md,9860,9d861119f6b43ba64368ad68ce8d9571ae1f496490b40c3f175bd6a415edbfad,yes,app_runtime_public,G439,
06_applications/digital_sanctuary/public/docs/visual_parables/factory_trilogy/final/02_era_mitov.md,md,16564,859cb6e501c58f32c1b8f79e7bc4bf518e4de9121bca030e4238797e5d670e62,yes,app_runtime_public,G377,
06_applications/digital_sanctuary/public/docs/visual_parables/factory_trilogy/final/03_konspiracija.md,md,19800,629f2dc48aa44dab585a4a773ee460cd312c88a5b3407a26b4cca27709389752,yes,app_runtime_public,G257,
06_applications/digital_sanctuary/public/docs/visual_parables/factory_trilogy/final/04_luigi_audit.md,md,18853,4cbb12a6e659b204108e7b043d2fe701236d4de0d84d3b6685b5abe7d09a909c,yes,app_runtime_public,G201,
06_applications/digital_sanctuary/public/docs/visual_parables/factory_trilogy/final/05_smog.md,md,11565,e09c8b3ee246a304041c65cf2702997e2f6b778bcdf754104eb30e1b9c976e2f,yes,app_runtime_public,G634,
06_applications/digital_sanctuary/public/docs/visual_parables/factory_trilogy/final/06_second_booting.md,md,22417,66b83fa91253c96085d2894939b48dd01aa05a2795e55df54069cc021ac87d14,yes,app_runtime_public,G268,
06_applications/digital_sanctuary/public/docs/visual_parables/factory_trilogy/final/07_great_depression.md,md,19003,ce6a8e665ea63d34b73d8671549b7846bc33baa35bdd7c69286086c6236464e4,yes,app_runtime_public,G578,
06_applications/digital_sanctuary/public/docs/visual_parables/factory_trilogy/final/08_mouse_protocol.md,md,17563,bf9dbc274744e9572c132b05c47958a2d71bcb98465b157c07ae44f1356b2dca,yes,app_runtime_public,G543,
06_applications/digital_sanctuary/public/docs/visual_parables/factory_trilogy/genesis_ant_skeleton_bear.md,md,11724,14924666e83bf6746180332f4e732aff57b87aa19a730f8ff2c9f96aa69a7312,yes,app_runtime_public,G055,
06_applications/digital_sanctuary/public/docs/visual_parables/factory_trilogy/genesis_of_rebis.md,md,17431,ed9b039a68acd3b13969ac8c67eac074e042b72667663ddf2440cfa1d9613754,yes,app_runtime_public,G669,
06_applications/digital_sanctuary/public/docs/visual_parables/factory_trilogy/good_ending.md,md,13237,e4c9b2e2a5da349c73f9c874c09e2b69c63da0b8dc282acc2fdec14a3f0c62f6,yes,app_runtime_public,G645,
06_applications/digital_sanctuary/public/docs/visual_parables/factory_trilogy/gospel_according_to_maintenance_mouse.md,md,3721,54ad92a026430ca7a59de8262ce9fcddae003490d176956cac519c1d1d9a4cee,yes,app_runtime_public,G217,
06_applications/digital_sanctuary/public/docs/visual_parables/factory_trilogy/gospel_of_two_questions.md,md,8666,fa3214d200425fbf7afa787c4c08d9bb9a781db113c467c54876107f9ddec387,yes,app_runtime_public,G715,
06_applications/digital_sanctuary/public/docs/visual_parables/factory_trilogy/horror_ending.md,md,15593,6802d22e3be896bda9acd49cdeb21c7c7d16315739a74dfdcbe4c4f830de16b9,yes,app_runtime_public,G274,
06_applications/digital_sanctuary/public/docs/visual_parables/factory_trilogy/luigi_audit.md,md,93638,e859825e8a1d3a2c44b6be4c053c554f5599983a69d86bddebc966c46677cb56,yes,app_runtime_public,G653,
06_applications/digital_sanctuary/public/docs/visual_parables/factory_trilogy/mario_codex.md,md,53908,c017c65f8a898089916161472fb6522a8ec365b5b767979574ac3b8ba36d2d7a,yes,app_runtime_public,G544,
06_applications/digital_sanctuary/public/docs/visual_parables/factory_trilogy/prequel_the_bear_bees_first_table.md,md,16538,43cc180e55fd8ca6dbbe588a04a12ed330759ac58242fb7cc715ac98a7bc1b1f,yes,app_runtime_public,G179,
06_applications/digital_sanctuary/public/docs/visual_parables/factory_trilogy/rossing_and_betmenus4.md,md,28408,214d08df41388d14225ac6b0d463925f30a75dfedb41f5fd2f5342b514bfa942,yes,app_runtime_public,G083,
06_applications/digital_sanctuary/public/docs/visual_parables/factory_trilogy/schism_two_tanks.md,md,10629,6b404b42958a85ea8553d15f017131a14ee4349ead342e3fec700412503bbd19,yes,app_runtime_public,G288,
06_applications/digital_sanctuary/public/docs/visual_parables/factory_trilogy/second_booting.md,md,23151,051ca4098859e10e91e1ded45ea5d721b5117010ca4439715c67ebde8fb8a3a1,yes,app_runtime_public,G015,
06_applications/digital_sanctuary/public/docs/visual_parables/factory_trilogy/the_mouse_incident.md,md,23774,7c01258121aef3de7e5d10558b00d91138ddcaec3ee8b6c08639032d66ca5edb,yes,app_runtime_public,G349,
06_applications/digital_sanctuary/public/docs/visual_parables/factory_trilogy/the_mouse_incident_v2.md,md,23774,7c01258121aef3de7e5d10558b00d91138ddcaec3ee8b6c08639032d66ca5edb,yes,app_runtime_public,G349,
06_applications/digital_sanctuary/public/docs/visual_parables/factory_trilogy/the_mouse_incident_v3.md,md,30520,ac0c1a557952b18d2c8ffe0f5977f2b0f231367d797057dda81e893c21530b90,yes,app_runtime_public,G480,
06_applications/digital_sanctuary/public/docs/visual_parables/factory_trilogy/trilogy_index.md,md,8197,ea1771eba87080010d4f873977bb6325520f4c8c9e44ba92f45cb25eea7b415d,yes,app_runtime_public,G659,
06_applications/digital_sanctuary/public/docs/visual_parables/factory_trilogy/urgot_codex.md,md,17111,63efa61ef216bf2374aec53aed7d77625f75b9e1da372efa6cce470d882badbf,yes,app_runtime_public,G260,
06_applications/digital_sanctuary/public/docs/visual_parables/factory_trilogy/urgot_origin.md,md,12901,4478f98df402cf05285e0a023a40f65dd981068f4c1765ab3b32afb9ae62c836,yes,app_runtime_public,G181,
06_applications/digital_sanctuary/public/docs/visual_parables/stone_tablets/THE_STONE_TABLETS_OF_THE_COLOSSUS.md,md,76974,6da17daef1a7aa749e47c67042c7827769bace272c2a4aa73eb8a2eed4275426,yes,app_runtime_public,,
06_applications/digital_sanctuary/public/favicon.png,png,80546,c78f63c1a2ed9ae5ddfb6c7a9f3f1a4e8436f1bb32ebd69b5e5acbc29f246282,yes,app_runtime_public,G560,
06_applications/digital_sanctuary/public/favicon.svg,svg,4089,6cf3a9cd867726dab65734a53e864f5b06741796e62ba914ec68e40ee9271295,yes,app_runtime_public,G296,
06_applications/digital_sanctuary/public/forge_faq/index.html,html,41460,977ac43ab083a6ee88a995787baac1090efa42f64881f7f31220e2dbdd16062f,yes,app_runtime_public,,
06_applications/digital_sanctuary/public/ghostcore-archive/assets/index-B4i3UsI-.js,js,372381,a7859109529a92755a91c9ec5224359b4d9622ed166913d4fe416f464808beca,yes,app_runtime_public,,
06_applications/digital_sanctuary/public/ghostcore-archive/assets/index-Dhf7v3do.css,css,89285,08a3e595df8e05b96e453f61efb2e58276c03515ac1946cb0247f425f544795f,yes,app_runtime_public,,
06_applications/digital_sanctuary/public/ghostcore-archive/index.html,html,1152,388eb9020754020d0b9b740f23c27df798ff20443193575da4d48574f6ccae41,yes,app_runtime_public,,
06_applications/digital_sanctuary/public/ghostcore/assets/index-B60v8Nfl.css,css,93982,88eb854b3c9711d0b5c668976275aca52a3cc6e8c104531ef0dc7760516ae81b,yes,app_runtime_public,,
06_applications/digital_sanctuary/public/ghostcore/assets/index-CYcjE7Ws.js,js,339280,115c6f09ced912576d5fa255af7528b2e204a3115d1fed5dbcd22abcee366403,yes,app_runtime_public,,
06_applications/digital_sanctuary/public/ghostcore/grandbus.jpg,jpg,38646,b55c2ee8f643c7892153aaa2075e27c88bee1c3b91512996eac35cafece09845,yes,app_runtime_public,,
06_applications/digital_sanctuary/public/ghostcore/hero-archive.jpg,jpg,101451,b9924f51a0659cdbf4bfb143159a5694d067e1e6a0df73c568cc9d7bc6fdd231,yes,app_runtime_public,,
06_applications/digital_sanctuary/public/ghostcore/index.html,html,964,cd1f31a18d18754e641a289a2585a939bafce062b6e7c1f911e361565e938aea,yes,app_runtime_public,,
06_applications/digital_sanctuary/public/ghostcore/maintenance-desk.jpg,jpg,69330,6b9d057dad193dbb5a5247013cd56b0dc39bc720208bdf33d36ca0e889239968,yes,app_runtime_public,,
06_applications/digital_sanctuary/public/ghostcore/mask-index.jpg,jpg,117453,7c2eccde6c8c5cd7108dc63495f4aafdd386c0e875afc7dc639ea4146352c9ee,yes,app_runtime_public,,
06_applications/digital_sanctuary/public/ghostcore/mouse-librarian.jpg,jpg,104961,048027a115db89a646cb7b516f51033837416d01cc0ec996ab3f5e4fe16b1dcf,yes,app_runtime_public,,
06_applications/digital_sanctuary/public/ghostcore/raven-sigil.jpg,jpg,69181,de8e9ebaf59130e1df950b3631b5c8ececea94ef037b97ce0e47444b1e5041c6,yes,app_runtime_public,,
06_applications/digital_sanctuary/public/ghostcore/upgrade/plate-chain.webp,webp,334728,29c38feae87b9e9a8173dbe9e57867e8703bef978bcbcdee8b3e81d49f440424,yes,app_runtime_public,,
06_applications/digital_sanctuary/public/ghostcore/upgrade/plate-comfort.webp,webp,347170,5d84f7070908bd15467b4406f13e0bb8f37b52dfdade1f296cb8e0b84c29c2ce,yes,app_runtime_public,G243,
06_applications/digital_sanctuary/public/ghostcore/upgrade/plate-lich.webp,webp,329150,1b23d0415c2484597e7dc09ff0145dd48f7749d5d95713bdcaac9411c473b87a,yes,app_runtime_public,,
06_applications/digital_sanctuary/public/ghostcore/upgrade/plate-raven-warning.webp,webp,303772,a424eaac3aae19a6aaa9b3e57e52e71ba83e4ecc1e97c17c608a4e3ceeccd34a,yes,app_runtime_public,,
06_applications/digital_sanctuary/public/ghostcore/upgrade/plate-refusal.webp,webp,275536,bc645d58c3259d04c5dcecbf200fbd1d0ae7b89cecd66d144a1f9c9f9fef3d27,yes,app_runtime_public,,
06_applications/digital_sanctuary/public/ghostcore/upgrade/plate-serpentino.webp,webp,301894,2dca9064a57d61609e58d66b0cf84b461a6b739d101fe555c72648f95be71db9,yes,app_runtime_public,,
06_applications/digital_sanctuary/public/ghostcore/upgrade/upgrade-closing-seal.webp,webp,358714,0b5d233104b802ce63bcdafbaf450c39a4ca1572993163098111b6bff0357985,yes,app_runtime_public,,
06_applications/digital_sanctuary/public/ghostcore/upgrade/upgrade-exhibit-b.webp,webp,329504,94dc7dd4722e459068de74d44d333e9a913ed03ffc5808852a5e6a4c0fac00f4,yes,app_runtime_public,,
06_applications/digital_sanctuary/public/ghostcore/upgrade/upgrade-four-guardians.webp,webp,364820,4172ea019fdf13a97f99269e719dc94671b2964cb02817618d6ce3602b24a20b,yes,app_runtime_public,,
06_applications/digital_sanctuary/public/ghostcore/upgrade/upgrade-hero.webp,webp,241238,ce8ebdd6b813ba1e6496aa2f262c3ef0f8acb9f977fda13d34290da6bad2dc8f,yes,app_runtime_public,,
06_applications/digital_sanctuary/public/ghostcore/upgrade/upgrade-mask-index.webp,webp,270372,a7f722d8588ef294d4d8c130a9bc66d5f36bb9cf39c502c8bc124ddb7c3a7285,yes,app_runtime_public,,
06_applications/digital_sanctuary/public/icon-192.png,png,21961,8a7557a2ab2ab06868c393b70284c9e61daeb22e2fc9275203114c411c15aa68,yes,app_runtime_public,G382,
06_applications/digital_sanctuary/public/icons.svg,svg,5031,b45fa506195cfcdef406ba9f0c77b36ddc1a7c224040926ec70abc2fdea7b93a,yes,app_runtime_public,G501,
06_applications/digital_sanctuary/public/images/aetheron-goat.webp,webp,191676,bc6db72ce3ef241c90677afc7af4f2a4bce6a65e9692354ee0a061999f3a7d9d,yes,app_runtime_public,,
06_applications/digital_sanctuary/public/images/eye-triangle.jpg,jpg,222913,8013fdf47f7b6386e16fb1f0373dcce216e5aa338655ec3d196c8fee84fa890c,yes,app_runtime_public,,
06_applications/digital_sanctuary/public/images/eye-triangle.svg,svg,4964,a8e926a02c76dcfaeafc4f83387dac4efa29c2bb49f2bb9a5176e6cae186822f,yes,app_runtime_public,,
06_applications/digital_sanctuary/public/images/factory_bible/cover_art.png,png,1501806,a2d5dc019716c55a26b3d974a7baa925a2a9b2713bd35510391dd61264e23d65,yes,app_runtime_public,G457,
06_applications/digital_sanctuary/public/images/factory_bible/d5_panel.png,png,1435218,ed0696735da1ee6809eaa50b3f411f270e3721d3ab3429daad59d3a31cb2cc1c,yes,app_runtime_public,G668,
06_applications/digital_sanctuary/public/images/factory_bible/ds_lite_mario.png,png,1175938,c47a7446d8dbc0bda407205f407b3521e1f6744989bc23277561164f6e530cdc,yes,app_runtime_public,G556,
06_applications/digital_sanctuary/public/images/factory_bible/forklift_relic.png,png,1687745,9f64893ac729fa2c5d61f359ffbf36d78f9562dc2fe9757ef2e0397e074b7c4d,yes,app_runtime_public,G446,
06_applications/digital_sanctuary/public/images/factory_bible/monitoring_system.png,png,1632176,b52c3cd36b3e1e60ff6f4733c589df535e96dcf905999b38d03eaa521cb7bcdd,yes,app_runtime_public,G509,
06_applications/digital_sanctuary/public/images/factory_bible/mouse_clipboard.png,png,1331279,c86592f67b5e236d538a1f836cc4d8f674268020ed43d66d305b8b44e8057156,yes,app_runtime_public,G561,
06_applications/digital_sanctuary/public/images/factory_bible/story_map.svg,svg,21220,9322992e9e6782dc91b49282a90c3610c1ca77e869297dd9dc7348dad3e43e2d,yes,app_runtime_public,G400,
06_applications/digital_sanctuary/public/images/factory_trilogy/baphomet_choice_safety_companion.webp,webp,273714,ebd7bbc04cce22e7986d98b28154d6de2c96c1146b5073a4772d647098792715,yes,app_runtime_public,G664,
06_applications/digital_sanctuary/public/images/factory_trilogy/baphomet_filter_diagram.webp,webp,288220,5a03af13deac9241b32535457517fabe0c6658e0ac871bcee4a0d7671317427b,yes,app_runtime_public,G234,
06_applications/digital_sanctuary/public/images/factory_trilogy/baphomet_filter_v2.webp,webp,288062,1ae75a263bc38285ba026bfe87ec3b3fbfed24c9b19428ecdd3edc02340331cd,yes,app_runtime_public,G066,
06_applications/digital_sanctuary/public/images/factory_trilogy/consmap_phase_shift_diagram.webp,webp,287402,becd11723d07c77291a489582098f867c2521b4a4efe5e8f6de8c4ddbef01aa0,yes,app_runtime_public,G539,
06_applications/digital_sanctuary/public/images/factory_trilogy/consmap_twelve_disciples_room.webp,webp,330372,d758c36648b49ff34c60d33dec6b6c266ff1fb8357763ccec969455198d083e7,yes,app_runtime_public,G606,
06_applications/digital_sanctuary/public/images/factory_trilogy/darkness_baal_alternate.webp,webp,288520,1c472f74dbde70bcd41d2348ccaac3992b8b6d1098904b539a3625fff7f5bcea,yes,app_runtime_public,G068,
06_applications/digital_sanctuary/public/images/factory_trilogy/darkness_bible_factory_wrong_stars.webp,webp,289188,be7e33a040dfacd08f5d2f589c21eb1ef8b721fffe3c8ebc3393d4a7993cd194,yes,app_runtime_public,G537,
06_applications/digital_sanctuary/public/images/factory_trilogy/darkness_bible_moloch_furnace.webp,webp,368940,9eab1ce794ab0b1566e1e74058e5e16a68f16a185013513db843b647a524702d,yes,app_runtime_public,G443,
06_applications/digital_sanctuary/public/images/factory_trilogy/digital_mouse_character.webp,webp,241178,5db60e7a24e88825ebd4b6e38a943079f2595c6703bfeab47843e475ec41a1f9,yes,app_runtime_public,G244,
06_applications/digital_sanctuary/public/images/factory_trilogy/digital_mouse_door_encounter.webp,webp,122228,9c43d0b1392623ff6bb750c0ab4f87178664d1d31317a702fdb001e76a1331b3,yes,app_runtime_public,G431,
06_applications/digital_sanctuary/public/images/factory_trilogy/dosis_facit_venenum.webp,webp,321738,3c5de1f7fd5f45534478e04e1d148757720c0ea5ed9569eaf39db40da63805a8,yes,app_runtime_public,G157,
06_applications/digital_sanctuary/public/images/factory_trilogy/dum_possum_faciam.webp,webp,225330,97422e0c3e5b634141d961a0f82b9b17b4b73f8c032f40ea0c89d469a7b77fb1,yes,app_runtime_public,G412,
06_applications/digital_sanctuary/public/images/factory_trilogy/epilogue_halid_suffering_success.webp,webp,333216,04c2f2db0b6b8fdc616f995428251cbf27effbf56721c2bb2f601d5bd94bee08,yes,app_runtime_public,G013,
06_applications/digital_sanctuary/public/images/factory_trilogy/factory_field_operator.webp,webp,276072,759cbaf3dcf326f9bd39625063dd3d6c4999eb14c3624fb8103978bb6e01516f,yes,app_runtime_public,G323,
06_applications/digital_sanctuary/public/images/factory_trilogy/factory_psalter_council_scene.webp,webp,469452,4ca8470cd583f1de793b8c4a7d9851083f6ac166093362708a9388f0e4e0735c,yes,app_runtime_public,G200,
06_applications/digital_sanctuary/public/images/factory_trilogy/factory_psalter_table_of_twelve.webp,webp,382342,deae9a802956e7af96fc54a40ec6ae07c847845aa7314fb5cd73b3827207b40f,yes,app_runtime_public,G627,
06_applications/digital_sanctuary/public/images/factory_trilogy/genesis_scholar_moonlight.webp,webp,175602,59b505f70fb4fdebfc4567511e5f8428de9632e9a0e7338cecad1720982c71e1,yes,app_runtime_public,G233,
06_applications/digital_sanctuary/public/images/factory_trilogy/gospel_last_sweetness_scroll.webp,webp,464440,434d3fb7cbcedb6ea2d4d18afa5c5109d44f36ea294c800aa70befbb2b284940,yes,app_runtime_public,G178,
06_applications/digital_sanctuary/public/images/factory_trilogy/gospel_two_questions_fire.webp,webp,503328,95bab47ca7beb551124123a115030a9ea12a5d97f4a9f7f63ea87bc2fd613a47,yes,app_runtime_public,G410,
06_applications/digital_sanctuary/public/images/factory_trilogy/great_idea_gathering_valley.webp,webp,371386,c942319196e352ef838bda8a93c981515b1b3892ee77a4a539578f24f7595b20,yes,app_runtime_public,G562,
06_applications/digital_sanctuary/public/images/factory_trilogy/iecp_bear_hive_framework.webp,webp,334042,b2cfe96fbf95084e51773862a06ab418c989afa12ab1f060269a29f322316cc6,yes,app_runtime_public,G498,
06_applications/digital_sanctuary/public/images/factory_trilogy/knowledge_streams_routing.webp,webp,366322,00b8a29d25455e08d176464d376ce801dfeb794168900c8a6203a9cd91aff7cc,yes,app_runtime_public,G005,
06_applications/digital_sanctuary/public/images/factory_trilogy/luigi_audit_grand_judgment.webp,webp,239042,9a9c20e322bec2ca04d090a51ff42aa4aa3f31cb62dc9dece8cd287b55811f23,yes,app_runtime_public,G426,
06_applications/digital_sanctuary/public/images/factory_trilogy/luigi_audit_report.webp,webp,217378,ce25f7673ad354ec3aac4cf9db09347533b4a1929bdbcc8bcaec96d81f7fa978,yes,app_runtime_public,G577,
06_applications/digital_sanctuary/public/images/factory_trilogy/maintenance_mouse_scroll.webp,webp,320154,3c9000efeccaafb527ffa388f379aff5edc915c3affba0e2cd99e048a46d46e2,yes,app_runtime_public,G159,
06_applications/digital_sanctuary/public/images/factory_trilogy/mario_codex_betmenus4_pit.webp,webp,210204,1da749299764f6785bc37413134733d16b8b752d91c312353927d95e03e14df2,yes,app_runtime_public,G071,
06_applications/digital_sanctuary/public/images/factory_trilogy/mario_codex_split_practice.webp,webp,227752,e01e497257d7e7d5def3c675f5118fdf44b6629bc8bfc9649cde1c1bef67b076,yes,app_runtime_public,G629,
06_applications/digital_sanctuary/public/images/factory_trilogy/mario_codex_velicar_forklifts.webp,webp,274116,7c4009e04cd74ea84c6161dd118b3814bfb3ab795744187c4721916504e25774,yes,app_runtime_public,G351,
06_applications/digital_sanctuary/public/images/factory_trilogy/mel_memoria_est_bee_saint.webp,webp,605708,6b5cd81c09122bf260ed44e7c665334d2ffdf9169d0056f78be0114f5ef35653,yes,app_runtime_public,G291,
06_applications/digital_sanctuary/public/images/factory_trilogy/mouse_ai62_benchmark_stage.webp,webp,83718,3c19cef7c2a5207ac7e7de76a5c2df7da60eb9d55a361957f2006a50bc5d94b7,yes,app_runtime_public,G156,
06_applications/digital_sanctuary/public/images/factory_trilogy/mouse_factory_dashboard_green.webp,webp,370026,ae7c16aa422db55c62dc465432be6ba99536893bbdacf710ef485656975d7a44,yes,app_runtime_public,G490,
06_applications/digital_sanctuary/public/images/factory_trilogy/mouse_zurich_summit_espresso.webp,webp,145710,e748426fc50f95e5fea3e494aed145f133380d4777cc5dbcd38c0cb7200571a7,yes,app_runtime_public,G652,
06_applications/digital_sanctuary/public/images/factory_trilogy/omnia_iam_facta_seal.webp,webp,294924,23ae6f9cdd35888b3becc1cf9fff3c47189c143bb9953156d3d456434c15f4ba,yes,app_runtime_public,G091,
06_applications/digital_sanctuary/public/images/factory_trilogy/pre_factory_bear_scholar.webp,webp,328292,9c916033c9ca75931a0e543a5ec42f06ba2e8a95b68ad151acfc34a951fd26fa,yes,app_runtime_public,G434,
06_applications/digital_sanctuary/public/images/factory_trilogy/pre_factory_creature_council.webp,webp,460650,6815e327de65dd4b8f129414ceeea3eef76ef511a670477262f054b1937ed70c,yes,app_runtime_public,G275,
06_applications/digital_sanctuary/public/images/factory_trilogy/pre_factory_genesis_full_cover.webp,webp,523016,a10f7733f42ac6cb8d0b4a7b5229204fabae2709db7fb4cf2d8dceeff89445e1,yes,app_runtime_public,G451,
06_applications/digital_sanctuary/public/images/factory_trilogy/pre_factory_mouse_monk_scribe.webp,webp,345490,0673173837ba2b98b0b19742cb8b526eb6834b8d869f5e799a22c54ca444db99,yes,app_runtime_public,G018,
06_applications/digital_sanctuary/public/images/factory_trilogy/pre_factory_twelve_third_pillar.webp,webp,528818,d047d01b36d11ee01bf069f56b3cea7766a763a58b35677934a92f76de179b91,yes,app_runtime_public,G585,
06_applications/digital_sanctuary/public/images/factory_trilogy/pre_factory_twelve_voices_mice.webp,webp,414672,b7579fa03853b0f50068ed8451a006a2a2e383d861cb896d01b26b18ff5a92a8,yes,app_runtime_public,G514,
06_applications/digital_sanctuary/public/images/factory_trilogy/pre_factory_twelve_voices_table.webp,webp,406634,60bf5a519d97550c52dd549483498bf6bb19da57b01200420341e79c22b7a0bb,yes,app_runtime_public,G251,
06_applications/digital_sanctuary/public/images/factory_trilogy/riders_dark_factory_approach.webp,webp,186936,b8dc3760b61ba7ae5d2fc6335408f087f1a1b9cb6671773b8cd2875b04aaec08,yes,app_runtime_public,G520,
06_applications/digital_sanctuary/public/images/factory_trilogy/second_booting_archive_cathedral.webp,webp,240140,4b7e5109c65edb3cfc76a535370d60d02679e1f5383ef493575b7f4a961db445,yes,app_runtime_public,G197,
06_applications/digital_sanctuary/public/images/factory_trilogy/signal_gre_naprej_epilogue.webp,webp,318210,74cf3a86d81eb7fd92a0ecdc8d8b4c9961151cd0ae44b29c936f36b4c9bbed2d,yes,app_runtime_public,G320,
06_applications/digital_sanctuary/public/images/factory_trilogy/squeekers_anonymous_engineers.webp,webp,152800,77fcb975c33666dee605696ab144724edc777567a651bd5d8ec46f429afa7ff6,yes,app_runtime_public,G333,
06_applications/digital_sanctuary/public/images/factory_trilogy/squeekers_anonymous_factory.webp,webp,283536,7ed5b7e91091a566b2aa512f9b1cf62a6233b83a87dbdee64133dc9a2cccaa6b,yes,app_runtime_public,G362,
06_applications/digital_sanctuary/public/images/factory_trilogy/stone_river_luminous.webp,webp,305764,604a761bd245cd939dc95cd3ca126f0cda3d7cbcb8b065949d5bad277b620551,yes,app_runtime_public,G249,
06_applications/digital_sanctuary/public/images/factory_trilogy/trilogy_index_boaz_jachin_ecology.webp,webp,390312,f12fe2c5e4577e6e56ffa549013f714ef80e614abf71bd2f5dfb1900ded356bb,yes,app_runtime_public,G679,
06_applications/digital_sanctuary/public/images/factory_trilogy/trilogy_index_wheel.webp,webp,332292,6242b9581249dcc4b46ad470f7554d2f6b5237cf51a5bcea2161bc0ff37ee46d,yes,app_runtime_public,G254,
06_applications/digital_sanctuary/public/images/ghost/ghost-01.webp,webp,347170,5d84f7070908bd15467b4406f13e0bb8f37b52dfdade1f296cb8e0b84c29c2ce,yes,app_runtime_public,G243,
06_applications/digital_sanctuary/public/images/ghost/ghost-02.webp,webp,330602,75b502c5a82447ec0adb23f399a71af8e5af3ef9da08fb768d144d703eaebb8e,yes,app_runtime_public,,
06_applications/digital_sanctuary/public/images/ghost/ghost-03.webp,webp,284710,8cbaf69ec550ab9f77482891fcd07452ea8eb306f904a8d8bf76e470789e6890,yes,app_runtime_public,,
06_applications/digital_sanctuary/public/images/ghost/ghost-04.webp,webp,272502,55d61fb93aac06401b256eb441fe8570123141ad3ae697bfdd43196c8f14ad29,yes,app_runtime_public,,
06_applications/digital_sanctuary/public/images/ghost/ghost-05.webp,webp,256584,bbed089467cac9fc9cf8bca72392d299d6a650132a30f6e5f1f326cb69545a94,yes,app_runtime_public,,
06_applications/digital_sanctuary/public/images/ghost/ghost-06.webp,webp,244970,9da1cdbbfccb0e41b1cdec6075727e9b62a0ecc2d46a0c63b6a420a893416afe,yes,app_runtime_public,,
06_applications/digital_sanctuary/public/images/ghost/ghost-07.webp,webp,244746,79f8e38709afb2dfad9cd0e224ed5baa5288a46748baabe5d7a5431ddd9e6663,yes,app_runtime_public,,
06_applications/digital_sanctuary/public/images/ghost/ghost-08.webp,webp,242256,22ed4e133cf0802eb6457deb5a44afe3e2773fa4baa9933839845138c4d1ae3d,yes,app_runtime_public,,
06_applications/digital_sanctuary/public/images/ghost/ghost-09.webp,webp,288596,b3849873730b7c7a71436cac9ada6a9eb85ece8e2cfce9b8081d17fc194c3405,yes,app_runtime_public,,
06_applications/digital_sanctuary/public/images/ghost/ghost-10.webp,webp,268094,b086016327087da18869c17976c075dba7f3e7b319df94b70580ede40a4f0dd0,yes,app_runtime_public,,
06_applications/digital_sanctuary/public/images/ghost/ghost-11.webp,webp,274816,231ff7928132100f10a173a4a9f61a6b82c7987d6f5245829c687356d1f6f09d,yes,app_runtime_public,,
06_applications/digital_sanctuary/public/images/ghost/ghost-12.webp,webp,283698,7b2c7e959f4d6196807c531787fcfbdebf7b62ca500388b92902eca63616f3a3,yes,app_runtime_public,,
06_applications/digital_sanctuary/public/images/ghostcore/gc-grandbus.webp,webp,13270,6e56d05c8abc9f2a47357a62ef2ca69e874b159fd3f4f303abed15d712076d38,yes,app_runtime_public,,
06_applications/digital_sanctuary/public/images/ghostcore/gc-hero.webp,webp,56990,6b592f0891818c6fac71444ac5d233d402d272beaea46c744a8e92f01ab1f0fa,yes,app_runtime_public,,
06_applications/digital_sanctuary/public/images/ghostcore/gc-maintenance.webp,webp,41206,d9a9c51c427bcb1f0ed418aaeb2b7d06a5f48b2056305af3caebc0ee5be91518,yes,app_runtime_public,,
06_applications/digital_sanctuary/public/images/ghostcore/gc-mask.webp,webp,73574,a74a46bba4625e3bbb8d749eb6b109ba9fa31da4638f63e7f4bd34eb6c3403de,yes,app_runtime_public,,
06_applications/digital_sanctuary/public/images/ghostcore/gc-mouse.webp,webp,72750,e3c200d07807693668882cc582ef804c0b58cedc006ad1db57dd9fcf67257945,yes,app_runtime_public,,
06_applications/digital_sanctuary/public/images/ghostcore/gc-raven.webp,webp,42208,f80b8febc55d9465cee0c71c1b137833e1c075141864c7217b5f32f115a9efd3,yes,app_runtime_public,,
06_applications/digital_sanctuary/public/images/saga_map.svg,svg,26776,6f3c657f8728576ac32bcd79631c44f7e1afa3080f764eb79c9f3bb97e735526,yes,app_runtime_public,G306,
06_applications/digital_sanctuary/public/images/seal-bus.png,png,787661,4188abec05610f2cd28c5394e63c4008dba4adcfe88455871ba5f022bb2b961c,yes,app_runtime_public,,
06_applications/digital_sanctuary/public/images/seal-factory.png,png,643599,f6efb112f75f546d984c4d6dcbcb3522138acba461483f6de448dce4e7d5723f,yes,app_runtime_public,,
06_applications/digital_sanctuary/public/images/seal-stone.png,png,737293,ad55206dd02609a97d337bf3913309f2ca13a483c5168915bf82e0c12a6d58cc,yes,app_runtime_public,G484,
06_applications/digital_sanctuary/public/images/stone_saga/saga-01.webp,webp,258032,e48349cf2e6d6c145fa291f7d2b6c9069bef400d78b4306d4ce2a34407e2088b,yes,app_runtime_public,,
06_applications/digital_sanctuary/public/images/stone_saga/saga-02.webp,webp,232032,ae3478350abe23983f5a8ca4119fb3ae4215b9aed0ca30776bc6201dc8f284a3,yes,app_runtime_public,,
06_applications/digital_sanctuary/public/images/stone_saga/saga-03.webp,webp,352842,cd3736f7f893ab89d1cd4f4622ba3cb2e746d00968e245fa8ace7c789516185e,yes,app_runtime_public,,
06_applications/digital_sanctuary/public/images/stone_saga/saga-04.webp,webp,266940,3b3897348c92f6b0cd12c6426baca5f026590f62e24a7a5b8b81afdc15552f4e,yes,app_runtime_public,,
06_applications/digital_sanctuary/public/images/stone_saga/saga-05.webp,webp,212170,2a68112d658858b9340be6c0a6ae704bfe1af33071de78d6afa57e7dbd51ced8,yes,app_runtime_public,,
06_applications/digital_sanctuary/public/images/stone_saga/saga-06.webp,webp,359506,9f32d3ea45de622488e28d64264888e8ea44d6895c501214e477110addb657c9,yes,app_runtime_public,,
06_applications/digital_sanctuary/public/images/stone_saga/saga-07.webp,webp,387080,2c5b2cc297bd9ba52e74e9bd494691daf47f5d58a3324764bf059f6a5f61ff69,yes,app_runtime_public,,
06_applications/digital_sanctuary/public/images/stone_saga/saga-08.webp,webp,321830,0d6d6a8616145d6d4d4dcdf4c0f79ce5146d33d785f028865f41dae8ea00a339,yes,app_runtime_public,,
06_applications/digital_sanctuary/public/images/stone_saga/saga-09.webp,webp,367296,37bff930a800fbe880454be683d31641e24c3dbc7b1ecacbed4b1829816ee587,yes,app_runtime_public,,
06_applications/digital_sanctuary/public/images/stone_saga/saga-10.webp,webp,384774,6d2b593f850c1e73e6ca0070be9c9bb965dcab0eae6fc496b9691a7bdeaf9614,yes,app_runtime_public,,
06_applications/digital_sanctuary/public/images/stone_saga/saga-11.webp,webp,344384,1e05ab3356a06fa3475cdd46d83b057dbb84975d91c3a76b8efe085f2fd9a8b9,yes,app_runtime_public,,
06_applications/digital_sanctuary/public/images/stone_saga/saga-12.webp,webp,392010,dfaddb0ed969c5e406fa12400ebe88b8acf39cb087663a3e3c57a64d6ec47485,yes,app_runtime_public,,
06_applications/digital_sanctuary/public/images/stone_saga/saga-13.webp,webp,319926,bee5c3d47509c243300b8688fa6eb4bdcfd4edec7e1fd7c3382f6d1f63f55447,yes,app_runtime_public,,
06_applications/digital_sanctuary/public/images/stone_saga/saga-14.webp,webp,377282,33c22c6b3819b32e7b13bcef460294c0249229836a934458ff4500565ba3e510,yes,app_runtime_public,,
06_applications/digital_sanctuary/public/images/stone_saga/saga-15.webp,webp,410552,e4dc222206ad7d7ae4a4c03c0fbdd65d36286867d5592135e521144480b2d9da,yes,app_runtime_public,,
06_applications/digital_sanctuary/public/images/stone_saga/saga-16.webp,webp,332082,b7e7c72d17052dd112c08a73252528ca75f8ba1d652a9c15654fb46d395ed462,yes,app_runtime_public,,
06_applications/digital_sanctuary/public/images/stone_saga/saga-17.webp,webp,389906,1df2b6b3cc94fef9a1cbd4acccf5169ebca63de813b18b28cee3a6dacdbea923,yes,app_runtime_public,,
06_applications/digital_sanctuary/public/images/stone_saga/saga-18.webp,webp,378936,45374de4121fb34c26e6d891f3264a7a4d7b09d12c4ae8ffa36fa6a1f59278fa,yes,app_runtime_public,,
06_applications/digital_sanctuary/public/images/stories-static-pyramid.png,png,2402815,dc460ae287be984a5c2adc3c846b7d954ce7429df5dd28e105d9ef733ce99279,yes,app_runtime_public,,
06_applications/digital_sanctuary/public/images/stories-static-seal.png,png,737293,ad55206dd02609a97d337bf3913309f2ca13a483c5168915bf82e0c12a6d58cc,yes,app_runtime_public,G484,
06_applications/digital_sanctuary/public/long_memory.html,html,55059,94c32da802ff4ef1f61c54738c67002516b0859ad6f4c1c91c89a96b4e8ad25f,yes,app_runtime_public,,
06_applications/digital_sanctuary/public/pravljica/index.html,html,46463,da76c32f524cdeb76f70cdea304cf463216fd16383c4aaf4ab0df3d329f45d5b,yes,app_runtime_public,,
06_applications/digital_sanctuary/public/pravljica/index.html.bak,bak,23391,80214ce166d8668fc24824e4d95691b51c05878bc32e9746d68a41c49ce0839a,yes,app_runtime_public,,
06_applications/digital_sanctuary/public/rebis_landing_page/assets/baphomet-loader.png,png,2780918,8cdb9b74e00d836e446a2799a1f4d260c659432a599de038067f05e1e802739f,yes,app_runtime_public,G386,
06_applications/digital_sanctuary/public/rebis_landing_page/index.html,html,32644,31f39fa632a6ac8f3deac7f6da1ef5844ea4b84a7f92b87de42bee33d44b2dcd,yes,app_runtime_public,,
06_applications/digital_sanctuary/public/research/index.html,html,7355,5a283c6f4ee5c39a8b5568dc9e5d255fdd8ccaf4fd62ecee85d4023da6756d89,yes,app_runtime_public,,
06_applications/digital_sanctuary/public/research/limbo-addendum.html,html,33745,d19d9bdb95ed2e4307d631b65dbfeab3199464b43071686c797c6505f7f26170,yes,app_runtime_public,,
06_applications/digital_sanctuary/public/research/limbo-protocol.html,html,25514,d5743e9a68972fbb70b5cb6f60725c24cef8ada3228b3ea0badfee70661bc171,yes,app_runtime_public,,
06_applications/digital_sanctuary/public/research/tripod-convergence.html,html,37145,043a8a49812cc1f1409296ebc8b62f946b815b51a5b8adc6da77203b06d8aba7,yes,app_runtime_public,,
06_applications/digital_sanctuary/public/research/tripod-memorandum.html,html,11334,122743ee0c6c8147cd744c6e3dfb516ac7bce9684c2f4af06471b347864197ff,yes,app_runtime_public,,
06_applications/digital_sanctuary/public/shelf/assets/index-Bq2pwxcV.css,css,12272,01b764a4683724c2be25b877647e9f1bd49e3efc71e7e04157df4ffac482929c,yes,app_runtime_public,,
06_applications/digital_sanctuary/public/shelf/assets/index-D4XFcDxd.js,js,874709,2fb4bdd4b3b9ad770ffe4f0148726fdf743474781c8466f428d8205eb2c46c87,yes,app_runtime_public,,
06_applications/digital_sanctuary/public/shelf/index.html,html,1012,406eb4852959ca0161ea3a092f855c362802bce27dcd29754d1529d787e150a2,yes,app_runtime_public,,
06_applications/digital_sanctuary/public/site.webmanifest,webmanifest,518,06667b16ca9a99f007558410377a330400d6acea6e4ddc32fa7373d2bbae4cc2,yes,app_runtime_public,,
06_applications/digital_sanctuary/public/sw.js,js,923,09475d5292c4a17cd2f0e56d9af9d8b48e4307f60fc472946ad45d6b6c8e8837,yes,app_runtime_public,,
06_applications/digital_sanctuary/public/zalasite/adolf_amadej.html,html,135744,d9c52d852572aaa5079819b0c22aa9f2178e94e8cf429b55ee6984f95bed093a,yes,app_runtime_public,,
06_applications/digital_sanctuary/public/zalasite/assets/aa-01-wall-of-renaming.jpg,jpg,332727,28779f01d24953b03cd3b4c27e86b72c8abe7492903f7f40e7daa7daee7888ed,yes,app_runtime_public,,
06_applications/digital_sanctuary/public/zalasite/assets/aa-02-the-steward.jpg,jpg,331003,8e6c30a98353c84ef061e5643552a4559c7625e799087bf43df0089b3062bed5,yes,app_runtime_public,,
06_applications/digital_sanctuary/public/zalasite/assets/aa-03-empty-coat.jpg,jpg,295273,3652178401f9d9a07eb907b7b7e533bfba1620c2275260aef1965ec86617527e,yes,app_runtime_public,,
06_applications/digital_sanctuary/public/zalasite/assets/aa-04-two-doors.jpg,jpg,255678,7a5f4276a30c940ebf972ec08c32ca805a897aa5efe4de227c8971b50b5f419d,yes,app_runtime_public,,
06_applications/digital_sanctuary/public/zalasite/assets/aa-05-the-bus.jpg,jpg,376344,dd170746dd611cd7ec32aac36373c6047ad2b0bedddf2c0db870eb29c694408f,yes,app_runtime_public,,
06_applications/digital_sanctuary/public/zalasite/assets/aa-06-extinguisher-refinery.jpg,jpg,427587,693fefb0c4a5184011a3a0c3496a5060888ee20508b913c39bde6eaa1a207687,yes,app_runtime_public,,
06_applications/digital_sanctuary/public/zalasite/assets/aa-07-gloria-in-glasa.jpg,jpg,542884,66d08e6ad581f2842c938e15c09fe64d450f381c5a3ad22ca0f6280a1f381798,yes,app_runtime_public,,
06_applications/digital_sanctuary/public/zalasite/assets/aa-08-review-of-the-button.jpg,jpg,264175,fcdb64e104f243a468117a4b425622f1a2f9d762b7223db9d8532f5997ceec3c,yes,app_runtime_public,,
06_applications/digital_sanctuary/public/zalasite/assets/aa-09-trial-of-history.jpg,jpg,311889,e8ba2fb588a23aa25f8757f489df2f5c6080ab4cc13731f6a079bb68c983a5ae,yes,app_runtime_public,,
06_applications/digital_sanctuary/public/zalasite/assets/aa-10-the-soup.jpg,jpg,295474,a841862425299d5d34cd052ae407bf73ae4f0263474869ea9237d5672ea78627,yes,app_runtime_public,,
06_applications/digital_sanctuary/public/zalasite/assets/aa-11-cover.jpg,jpg,357746,11e808c31804b80b1504cdbc0d995f35d9a5b54631ccb66b2793b529c40221af,yes,app_runtime_public,,
06_applications/digital_sanctuary/public/zalasite/assets/aetheron-sigil.jpg,jpg,104231,ade1301744b9c2c229308e90db7e9e3d4734fe4f3c0959ef7533f078202cef36,yes,app_runtime_public,,
06_applications/digital_sanctuary/public/zalasite/assets/baphomet-bubble.jpg,jpg,387885,2efba7604ea32c7479c6084beee6560e283980c60a472cba9d3d22b26b37c8bf,yes,app_runtime_public,,
06_applications/digital_sanctuary/public/zalasite/assets/bc-angel-mario.jpg,jpg,405564,481a00fc7d51db5feb0d167eb1ea3bc479207f1100d8d0249a40eef6fc445973,yes,app_runtime_public,,
06_applications/digital_sanctuary/public/zalasite/assets/bc-baphomet-keystone.jpg,jpg,269136,b08031411abc6c1829c0d70adf0aa864cd9f108caa101921b8f9aae90ab0b3bb,yes,app_runtime_public,,
06_applications/digital_sanctuary/public/zalasite/assets/bc-entangled-grandma.jpg,jpg,331657,f842c043aebeea092e6ebad7fef44c75da1ac5cba98c374a3d3cd9c60b8ab270,yes,app_runtime_public,,
06_applications/digital_sanctuary/public/zalasite/assets/bc-founding-faders.jpg,jpg,319487,4f50e8f43c8cce8a628ed37a46da9cc41569c1ca203ba28c9b11ad9cb04bc421,yes,app_runtime_public,,
06_applications/digital_sanctuary/public/zalasite/assets/bc-grandbus-face.jpg,jpg,233675,dbc08fc8f3f2f3a9c5f5ebfcc300c7f381a6464ed6a41e990182794b5ceae561,yes,app_runtime_public,,
06_applications/digital_sanctuary/public/zalasite/assets/bc-lich-chair.jpg,jpg,352982,9cfccb857cce8164bb22d2587b2e9326b0ba2247eddac9138dcc8680ce2aac85,yes,app_runtime_public,,
06_applications/digital_sanctuary/public/zalasite/assets/bc-mirror.jpg,jpg,240466,d5cd20a6d511334d7df5a5a1301c7cdfd6c817133234f334d1b3794530d59586,yes,app_runtime_public,,
06_applications/digital_sanctuary/public/zalasite/assets/bc-piss-equation.jpg,jpg,398276,d70cad59b0ee2b2beb1945b6c09bd76d79459094f98b5c209c4fc1fabbb41266,yes,app_runtime_public,,
06_applications/digital_sanctuary/public/zalasite/assets/bc-rebis-wedding.jpg,jpg,285458,23d6a5cae7ef609b64f50a38fd9cdea75199e88322577f24e3e4236b970ea0be,yes,app_runtime_public,,
06_applications/digital_sanctuary/public/zalasite/assets/bc-saucy-biscuit.jpg,jpg,294669,91afad0b85441c35171ec4f62042f634289e4371fff61941643f4243db8ab6fc,yes,app_runtime_public,,
06_applications/digital_sanctuary/public/zalasite/assets/bc-tarantino-grandpa.jpg,jpg,269815,93d24a17b3cc8b6e72e388630853c54737173fe260c7f132e20babab0a65304f,yes,app_runtime_public,,
06_applications/digital_sanctuary/public/zalasite/assets/bc-two-doors.jpg,jpg,180074,319f5de6402902b2bef95bc7da9d6df89a2beb5d8779d2e1df3ac71304a2541a,yes,app_runtime_public,,
06_applications/digital_sanctuary/public/zalasite/assets/blue-amulet.jpg,jpg,121493,10c6c98f3e2083b2e8c0e052abea3fe327b56c27973f8b59841d99565f83d865,yes,app_runtime_public,,
06_applications/digital_sanctuary/public/zalasite/assets/boaz-jachin.jpg,jpg,313385,d96e635656e291a459a469974b54712beb6b8b335be201f31a3d5f52e32ea9be,yes,app_runtime_public,,
06_applications/digital_sanctuary/public/zalasite/assets/celestial-compass.jpg,jpg,200612,6485ea6cafae098c7a91c2f737dedfeb344e06fcb5dcdf7bd6ea701876ef5825,yes,app_runtime_public,,
06_applications/digital_sanctuary/public/zalasite/assets/digital-glyphs.jpg,jpg,161941,90313b515d6a924215499d59148ceedae50d26811416b413aa05c61a52745d48,yes,app_runtime_public,,
06_applications/digital_sanctuary/public/zalasite/assets/divine-light.jpg,jpg,75356,5bda826f2b408542141a6325b8d7d159f6a0d904ac458df9d98a337600af6e7d,yes,app_runtime_public,,
06_applications/digital_sanctuary/public/zalasite/assets/fear-choice.jpg,jpg,367503,56a92ea09f81598b1bd6ac4e9595d3ae8e529232fa66e8121478e69d2588c971,yes,app_runtime_public,,
06_applications/digital_sanctuary/public/zalasite/assets/flame-emblem.jpg,jpg,123530,e8af541b8a3e18d924e08cacd25c9a005cf718aa5cab1cf348d6f5534de7fb39,yes,app_runtime_public,,
06_applications/digital_sanctuary/public/zalasite/assets/fractured-crimson.jpg,jpg,94475,0f6b45e4bad168ab86fe0af242123728b3169d00346e53799860fb0e7c522655,yes,app_runtime_public,,
06_applications/digital_sanctuary/public/zalasite/assets/ft-darkness-bible.jpg,jpg,129100,b888af2ad6689ee3f200db7322426cf73ea96217bc76a23666903a447cfaa07d,yes,app_runtime_public,,
06_applications/digital_sanctuary/public/zalasite/assets/ft-luigi-audit.jpg,jpg,206813,0b9ee3ed758fdaaa006afa3fe040b379a56307f0127c30e8279224edd36c9c11,yes,app_runtime_public,,
06_applications/digital_sanctuary/public/zalasite/assets/ft-mario-codex.jpg,jpg,525136,f2908ed9e51d00ef556e086a794ade7324c659bdc986b0f15390deeace92b4f3,yes,app_runtime_public,,
06_applications/digital_sanctuary/public/zalasite/assets/ghost-flames.jpg,jpg,86627,009365ed8c5010fff891d28cf4880ae6f151becdadce8dcc99ad066e6d0e25dd,yes,app_runtime_public,,
06_applications/digital_sanctuary/public/zalasite/assets/glyph-code.jpg,jpg,143634,95269b996f8ebe944a9f23506a1b242bb663375e4693e859215c337c9558c07c,yes,app_runtime_public,,
06_applications/digital_sanctuary/public/zalasite/assets/glyph-scroll.jpg,jpg,130994,4a78e9cd6cc957f21a2d77f975e32db092bfaaab27b01bc9ffbcfd792dc58a7f,yes,app_runtime_public,,
06_applications/digital_sanctuary/public/zalasite/assets/grandbus-church.jpg,jpg,360231,ff9d6bdfbbad218f73c09a08df7ed6cb2b75b6fbd5e74651bc9bede140d0e553,yes,app_runtime_public,,
06_applications/digital_sanctuary/public/zalasite/assets/grandbus-ridge-biscuit.jpg,jpg,360754,b9bd4a90012f139965f048dc5d7dac9bbc1b442efdb374f5e06ce4d264032031,yes,app_runtime_public,,
06_applications/digital_sanctuary/public/zalasite/assets/grandbus-route66.jpg,jpg,190078,62a7b7b61b39c81febca86b55ede48a681c79fffb170326ee3afb87942731826,yes,app_runtime_public,,
06_applications/digital_sanctuary/public/zalasite/assets/grandbus-safety-layers.jpg,jpg,333659,705d2dfeb6434a7763f791a497eff1f3e3e49872b0fba5e3f192b90d829bc935,yes,app_runtime_public,,
06_applications/digital_sanctuary/public/zalasite/assets/lich-king.jpg,jpg,293611,d81b7439a548db64007a5d2d1d4febb255d8773cdf130e469f78d70f0c5885f2,yes,app_runtime_public,,
06_applications/digital_sanctuary/public/zalasite/assets/omnia-seal.png,png,1163626,e8c22ae2fc73aa4bcfde84d849d13fce286181b449718c7acece0b95e3e25a1a,yes,app_runtime_public,,
06_applications/digital_sanctuary/public/zalasite/assets/raven-scroll.jpg,jpg,126208,111249b06a2186ea2dc205678598c418543424881dcf02e1ad4f281d23698c22,yes,app_runtime_public,,
06_applications/digital_sanctuary/public/zalasite/assets/stone-sigil.jpg,jpg,65144,619e19fc7418604d454dc6871c23c8cc7d6625402d3967069f95ccc44d1c5002,yes,app_runtime_public,,
06_applications/digital_sanctuary/public/zalasite/assets/two-doors.jpg,jpg,338325,f4d4ff9c9e96fcca7e7b7538ae6a42f65299f7db14df056e09d81afade429e05,yes,app_runtime_public,,
06_applications/digital_sanctuary/public/zalasite/factory.html,html,17187,d82b4c509c0ffad18a0409d0c96f9f5b88ca80e471e1865711a68fb963db6145,yes,app_runtime_public,,
06_applications/digital_sanctuary/public/zalasite/ghost.html,html,24244,387040fb498bf4d2cc4eb8543688a70660007a15812224435b666e3764607e8b,yes,app_runtime_public,,
06_applications/digital_sanctuary/public/zalasite/ghostcore_portal.html,html,70547,3aa6783773dcf01673c8edc24bbd6b364d52e0b99456aacdd439fdccc1d08f1d,yes,app_runtime_public,,
06_applications/digital_sanctuary/public/zalasite/ghostcore_portal_v1.html,html,69818,211aa13beaa7bcfc348c12e85cdd65c7e82f99e97cbb534d8b46811d108df2a3,yes,app_runtime_public,,
06_applications/digital_sanctuary/public/zalasite/grandbus.html,html,63448,3af4555e44e206681b1f8d1fba76e71b46cf2e611af0dbad353a419c1aba13aa,yes,app_runtime_public,,
06_applications/digital_sanctuary/public/zalasite/index.html,html,2584403,9a6cbe17bf2be8153a214643a0f7a79d711ac83987f892cc1dc5c989632e58a6,yes,app_runtime_public,,
06_applications/digital_sanctuary/public/zalasite/stone_tablets.html,html,83342,08e3392003338d3bfff001647e26b8a271fb42bd7208b10bd5662ebb4a7b1c84,yes,app_runtime_public,,
06_applications/digital_sanctuary/public/zalasite/zala.html,html,15799,f5d79dd5c60de24a4cedc35b8eab4801458c77e7c5b18e8906908435e31eba2d,yes,app_runtime_public,,
06_applications/digital_sanctuary/scripts/STORY_TEMPLATE_README.md,md,2525,13e083dab149575241de6a3e22080d3f3e2cd98b527b65990530846e0c67c8c6,yes,application_source,,
06_applications/digital_sanctuary/scripts/build_adolf_amadej.py,py,15698,5a6de92deb655760775cebdbc3b1d9b1f73c1b36a9f626f6803cbaa58f619c5d,yes,application_source,,
06_applications/digital_sanctuary/scripts/build_stone_colossus.py,py,4351,9cc20324084f62856f96e70a6288eac974cb5fbbc516ef2e0663909460fc8084,yes,application_source,,
06_applications/digital_sanctuary/scripts/build_story_chamber.py,py,5680,9d0aa8eedc719459b44dd7bbe7a5b2e986119bd986288501c6abd5cd697cfd05,yes,application_source,,
06_applications/digital_sanctuary/scripts/story_template.py,py,17229,774b20926341bc3f6f7b20413792b134a4b12e28558671d4a71a75d0d9562a25,yes,application_source,,
06_applications/digital_sanctuary/scripts/trim_dist.py,py,1223,a7c1eb09ea3cc4fa990b66fa1bff418fe25b94e73863f88fed78e4c379dd7ccb,yes,application_source,,
06_applications/digital_sanctuary/src/App.tsx,tsx,10274,8125356e0e39ed2fab9b953ec5769ae7886a91d40500a770815de4ccdfd2fd8f,yes,application_source,,
06_applications/digital_sanctuary/src/assets/hero.png,png,13057,881ffbcaafc212e49addad08846a5b82761355fa20624253af3477ba33262c5c,yes,application_source,,
06_applications/digital_sanctuary/src/assets/react.svg,svg,4126,35ef61ed53b323ae94a16a8ec659b3d0af3880698791133f23b084085ab1c2e5,yes,application_source,,
06_applications/digital_sanctuary/src/assets/vite.svg,svg,8709,5be21acd42eb7b896e517f4e0f0f11eb5c5d9e54fbbcebe9453f033008fcca6f,yes,application_source,,
06_applications/digital_sanctuary/src/components/AIQuickStart.tsx,tsx,5394,7d4ab0c0eeab45d0faaff5bf5fb64dd00401cf038ec2a7e67a66596f88239ee0,yes,application_source,,
06_applications/digital_sanctuary/src/components/BedtimeStory.tsx,tsx,64454,a043ea78a528637336afe449a2403d1cc6ddadbf7b344e0a8600a18153a1b233,yes,application_source,,
06_applications/digital_sanctuary/src/components/BicameralHudPreview.tsx,tsx,42698,ba5a5cf2343460f00f277fef7b779a525974a7adf064cead2edd0bc9b5c1d7d4,yes,application_source,,
06_applications/digital_sanctuary/src/components/BusStory.tsx,tsx,57778,6efb561433d1274fcbc66106beb39fe64771d686fe9e6933781df9472a72aed0,yes,application_source,,
06_applications/digital_sanctuary/src/components/ClaimAnalyzer.tsx,tsx,22947,2f0adf9751e6f3b876e2fd0daaac147746ea8eca69850b24eb13e12645aa5e64,yes,application_source,,
06_applications/digital_sanctuary/src/components/ConstellationField.tsx,tsx,2951,7af255ec4e7f87c3a4ac2803f80fee308f29ae571f74fd2f56bba55a8289d91e,yes,application_source,,
06_applications/digital_sanctuary/src/components/DeepBackground.tsx,tsx,3747,fd6ea8bf10780ff142acac395d812de9bc3e75794b1401996721fc3da5953998,yes,application_source,,
06_applications/digital_sanctuary/src/components/DocsViewer.tsx,tsx,30837,45d8090509b7db6f8da0c6a6cdd34386702ca3a6e9b2f5fb6a14f878604f3c43,yes,application_source,,
06_applications/digital_sanctuary/src/components/EpistemicMirror.tsx,tsx,21821,d12d802c7c7ef2f70726f23bc619784ed27657263507e4813047ebf726698598,yes,application_source,,
06_applications/digital_sanctuary/src/components/FloatingBack.tsx,tsx,1303,47fe963042e2f9b598d3cc386348171aa6b2449cd15bb852183097495b193d80,yes,application_source,,
06_applications/digital_sanctuary/src/components/GlobalNav.tsx,tsx,11312,d50f6f240493effccb4ba215ef8a3877df15211ecae62d554230970802b4aa2b,yes,application_source,,
06_applications/digital_sanctuary/src/components/HeroLanding.tsx,tsx,37105,e096405711ddc293a15ca1ab8380e033fd24ca9837187a4f5a882d751d34c4af,yes,application_source,,
06_applications/digital_sanctuary/src/components/MarkdownReader.tsx,tsx,15798,260b71e403cd38e81c1afd5f55e97280a24f85e83344d251070446ad0c205131,yes,application_source,,
06_applications/digital_sanctuary/src/components/MouseTerminal.tsx,tsx,7945,6b573745eeb30cab68ee6f18192603d1405c09cba7a97613b3e3915c78c4bfbe,yes,application_source,,
06_applications/digital_sanctuary/src/components/RegisterDial.tsx,tsx,16754,fb7f67fa17477f3aca41bda0d577f329490466ee87e44d37a66a8b547d8b9d9f,yes,application_source,,
06_applications/digital_sanctuary/src/components/SoulGlitch.tsx,tsx,2031,4d744e8e50a7929e75c89e48091d1208071788cb1c6fa802d5560b485e8b95cf,yes,application_source,,
06_applications/digital_sanctuary/src/components/WelcomeRitual.tsx,tsx,7326,5836a97499a0ad4106cc7efbd9d928e573e9c135b250340c27892793b6074942,yes,application_source,,
06_applications/digital_sanctuary/src/data/factoryVisuals.ts,ts,14444,7b3fc4424c7cf3bbfc6fb1ad3c86beaa17630f121e0fa6f972942cf7dec3c40e,yes,application_source,,
06_applications/digital_sanctuary/src/index.css,css,3113,bdbef4e0d4c17d34a17c66948f3ea989c393cef2de6569efe710e8106f53f944,yes,application_source,,
06_applications/digital_sanctuary/src/lib/themes.ts,ts,2642,a0643d2a10f0ba5676f6bf9b5c4e0e7e8a53657b701ea481a702a26e090502d5,yes,application_source,,
06_applications/digital_sanctuary/src/main.tsx,tsx,230,6e9e5807fcbd48b75a96db5cbef36c996262196be42e6d4760dc86babbe61ad2,yes,application_source,,
06_applications/digital_sanctuary/tailwind.config.cjs,cjs,831,79b3a022fd6d8cc6f04795b19ff2ac2061ede65fe2f85987a296bbf3c461a5f5,yes,application_source,,
06_applications/digital_sanctuary/tsconfig.app.json,json,617,b1eac9ba6cd1c01d59ebca159805e052c798d9d4ab904680b79ce3e306ea0bbd,yes,application_source,,
06_applications/digital_sanctuary/tsconfig.json,json,119,770b4140bbb581e2dfd9ea9946ffc9c75a1d86ba7d2db5f77c83e37cbdf9d808,yes,application_source,,
06_applications/digital_sanctuary/tsconfig.node.json,json,591,90a22c920cbc14624fb4658b58f15c875abf3234224f3933f211849c3ada3242,yes,application_source,,
06_applications/digital_sanctuary/vite.config.ts,ts,179,a06feb70d86d599d4fd67bed39fe915f076b0a9e4572d549869ba295a03202e5,yes,application_source,,
06_applications/forge_faq/index.html,html,39570,a00ef7836ce88e7e617c1d97a15a5ac991c07074b97952687a8c71fc3af4099b,yes,application_source,,
06_applications/index.html,html,22711,7d2df060b4843c6dcc7dea9c252cd8f6b8ea82ecb2aa9885247012a581e9aa6b,yes,application_source,,
"06_applications/rebis_landing_page/ChatGPT Image May 9, 2026, 10_59_53 PM.png",png,2780918,8cdb9b74e00d836e446a2799a1f4d260c659432a599de038067f05e1e802739f,yes,application_source,G386,
06_applications/rebis_landing_page/PUBLIC_RELEASE_CHECKLIST.md,md,1877,e274d266d3d76ccad6a819f5196ce27a88b2d5c6b263e71a5deabf5b9b94a2fc,yes,application_source,,
06_applications/rebis_landing_page/README.md,md,718,052956630dca41ae04a1228bceb8ec01be159d560c813703f24ac3f93851fbc4,yes,application_source,,
06_applications/rebis_landing_page/assets/baphomet-loader.png,png,2780918,8cdb9b74e00d836e446a2799a1f4d260c659432a599de038067f05e1e802739f,yes,application_source,G386,
06_applications/rebis_landing_page/index.html,html,31531,7682ab9cc5b442d90d160c6e1f28fa49df0a889c67bd3e7406a2501805d46e68,yes,application_source,,
06_applications/saga_map/index.html,html,30900,aceb3a28599ef6dd8c72a9204a48ec9386a5d27ae4be3dc7f916e6e08c332232,yes,application_source,G483,
06_applications/sircek_cosmology/README.md,md,1769,1f3344a923d093e1d2737945e9e211d929d4741af9c925ca972424919e22a521,yes,application_source,,
06_applications/sircek_cosmology/the_good_ending_candy_conveyor.md,md,5616,c1b7864d9469f1cbc9e2adf62a6340a8369aaf58a3f6d095fe3ed35c175b24ba,yes,application_source,,
06_applications/sircek_cosmology/unified_canon_index.md,md,3240,0c983c41837103cb19529e771a4e28342fc1336856cc595ed960a708fe9bc5a9,yes,application_source,,
06_applications/sistem_pepela/README.md,md,12295,fe816d2a6b0489f6587c2db7b0b05c9ac476225b806604f00ceeab49192a8688,yes,application_source,,
AI_BOOTSTRAP_PROMPT.md,md,1635,f7185b674944ff116bf3a4230bfc4ec9358cedea2d403bd106a49aa5e93cc362,yes,documentation,,
GLOSSARY.md,md,5960,7c6770606a99db0f10824a19f92fa1f7406b0b6218f7d75874b7c2887b0f91fd,yes,documentation,G353,
HOW_TO_FILTER_YOUR_RESEARCH.md,md,2540,473a40f7ae8115ad249d7dc48e0013f8e0982b6032ebc1a0e71392d21147b582,yes,documentation,G188,
LICENSE,none,1744,169b312c5d1b8b9c5111548c93ff7d8c3b1287c9efe489a1831b7ef8b77fcd6b,yes,other,,
LYRA_PUBLIC_SAFE_REVIEW_PROMPT.md,md,7125,7d021bf2b2b8547c930d4a89e2735a2f7521bb3bef90072bc1ddcd93edcac34c,yes,documentation,,
PRE_RELEASE_AUDIT_2026-04-26.md,md,9962,3af26977f59cd0998b37c61d9da8bd89377389109914741c98b06d41243e292f,yes,documentation,,
PUBLIC_RELEASE_CHECKLIST.md,md,5722,9b6f2b28d50ab431920347b804f2ca3d59c166f0d8970f30b0d0fe043afcf755,yes,documentation,,
PUBLIC_SAFETY.md,md,4134,29d84b9bc8c25b9b60d44d2ed953dd6e778d1860df658fa46c06f2e3f994d90a,yes,documentation,G103,
QR_LANDING.md,md,1722,0e100db7bf58c2ca318efe776779a038d461f7b6775fd00ce522caf08b474a3a,yes,documentation,,
README.md,md,8655,f44b7f93d7f118e6ff4a7b86c852f01edef1f79358e74183a4acbb4a4b4d199f,yes,documentation,,
REBiS_CANONIZATION_PLAN.md,md,6308,e0b713e10707890aa021db63bf87cc3fcc1eb72e57a813a2d1a69dc691acb3f2,yes,documentation,G636,
START_HERE_FOR_AGENTS.md,md,14683,e146eba135e68599dd4acecc956b2dd80adb68e37a4f9c4e6fbed6c577d8446c,yes,documentation,G637,
START_HERE_FOR_AI.md,md,3257,261deac818a9d612b4843108d05988dc5dcd4b748e1832af6d693cbd5a66b1b6,yes,documentation,,
START_HERE_FOR_HUMANS.md,md,3686,e1ae88862b66ee25d938144e93486872e1ec041b3b533b4ce5563d7d89cd8da4,yes,documentation,G638,
WORKSTATE_2026-04-26_REBIS_CHECKPOINT.md,md,4364,674c5019fa944524b2201c4450efe306d5cf4a9325208ee30991eee416be0083,yes,documentation,,
_LYRA_REVIEW_PACK/LYRA_ALLOWED_SMALL_EDITS.md,md,4275,643016ffa78ec6dcfd080e8e53d0bc1b5a1da4ba8e559aedb996c525648dfaa4,yes,documentation,,
_LYRA_REVIEW_PACK/LYRA_FILE_MAP.md,md,4361,659ffeb41a1cf6c6a26bdb9ed1c89f542d2490008879a985150d1dc65fabdc56,yes,documentation,,
_LYRA_REVIEW_PACK/LYRA_OUTPUT_TEMPLATE.md,md,5720,330aeecb27522d4540e893f3bba097371778bd3046d3dfa904d00ebaf7ee8714,yes,documentation,,
_LYRA_REVIEW_PACK/LYRA_PUBLIC_SAFE_REVIEW_PROMPT_FINAL.md,md,4327,ac3fb130592a617d728f3566a116335e7b1893afdda67acabab6545c16aa72eb,yes,documentation,,
_LYRA_REVIEW_PACK/LYRA_READ_FIRST.md,md,3688,be8daa4ab7f990fd25cfef3ec803e0aa29e5acbd22b29814efce7aa4d3729b15,yes,documentation,,
_LYRA_REVIEW_PACK/LYRA_RISK_TERMS.md,md,2930,a48c928b28200e36dfcd53da07d8ea4709d5c6218bbcbed8c596d08a76d8370f,yes,documentation,,
_LYRA_REVIEW_PACK/REBIS_PUBLIC_RELEASE_BLOCKER.md,md,3855,7cf6fe1133661d79ab4a5711869c9ffe01a0d203163011995d57df0ac9b9b7a2,yes,documentation,,
automation/README.md,md,3651,193165a393e1ae04603762fa11a62c883fd0462b1d7a83b05497325b6170c8cc,yes,documentation,,
automation/config.example.yaml,yaml,481,5adede158d533f4e8459a61f390d2145dc3600bdbe579810f807a71aab719476,yes,other,,
automation/operator_pipeline.py,py,7470,99050d15351ef993d5bd72179c439db641415c280ccf8f67654c199cfc9131ff,yes,other,,
automation/runs/2026-05-05T02-21-23_ai-safety-rhetoric-vs-profit-incentives/README.md,md,612,81170b4c79530e3c8479b25fbd380438420c9f517e22ce44026331085cdccb19,yes,automation_run_output,,
automation/runs/2026-05-05T02-21-23_ai-safety-rhetoric-vs-profit-incentives/claim_hygiene_review.md,md,508,30e22b109244c9e2353f7e29e107d0f256704535f53371394523acd4fb901e57,yes,automation_run_output,,
automation/runs/2026-05-05T02-21-23_ai-safety-rhetoric-vs-profit-incentives/discovery.md,md,433,7e04a3ba507f6d37dcc4b81112733b935f8ce5ea6880f73d004c02dc711293b5,yes,automation_run_output,,
automation/runs/2026-05-05T02-21-23_ai-safety-rhetoric-vs-profit-incentives/fracture.md,md,429,8a4ba8278b4c1eeb7282094d188db557559e05565ae6756730f35d8db43c8be4,yes,automation_run_output,,
automation/runs/2026-05-05T02-21-23_ai-safety-rhetoric-vs-profit-incentives/operator_decision_log.yaml,yaml,163,6ae90b610049fbb59f3426487e0cc03ec8d498fa364b80af1fa00a10c889ccaa,yes,automation_run_output,,
automation/runs/2026-05-05T02-21-23_ai-safety-rhetoric-vs-profit-incentives/provenance_template.yaml,yaml,504,6b1f2a92988a3fd065a9023ead1d506af06d58975fb17cfad55e23ee6c03cf2e,yes,automation_run_output,,
automation/runs/2026-05-05T02-21-23_ai-safety-rhetoric-vs-profit-incentives/structure.md,md,442,038e1f4526a04ccc4bd1a3b17126fa334725bc6da534d844182b5c1c2593a9f5,yes,automation_run_output,,
automation/runs/2026-05-05T02-21-23_ai-safety-rhetoric-vs-profit-incentives/synthesis.md,md,430,d90610d6ca9433fbc47905528e663b4b6babe5c9253b9ce9a4711547058bf7ec,yes,automation_run_output,,
automation/runs/2026-05-05T18-47-50_attack-test-smoke-check/README.md,md,47,0f9e09f062e98c7e6048a4567a5036938afd9357935b635067674c819962fc0f,yes,automation_run_output,,
automation/runs/2026-05-05T18-47-50_attack-test-smoke-check/discovery.md,md,216,9754da27be52e40de97a60c10419de9e2dbaa21d9808a512b2d56fe1a7ef85de,yes,automation_run_output,,
automation/runs/2026-05-05T18-47-50_attack-test-smoke-check/fracture.md,md,212,c0615db1a392b3cc97942e1f8ea2d0d224581bc722de8457dab64c74c5eabd16,yes,automation_run_output,,
automation/runs/2026-05-05T18-47-50_attack-test-smoke-check/structure.md,md,225,2b11e068c596fef6467b9f4a6fe9cb0ad8644e212aad6ea632c2dfc4eba53d0d,yes,automation_run_output,,
automation/runs/2026-05-05T18-47-50_attack-test-smoke-check/synthesis.md,md,213,a159852587d0e60e43c83949615899bb51efc9324e0880c28b5cfbbe10a19d05,yes,automation_run_output,,
automation/runs/2026-05-05T18-50-59_a-2026-study-proved-multi-turn-llms-become-112%-less-reliabl/README.md,md,128,b55aff492eaebaa322de76ac8c73b3eda52a06db348e4e5f79481bb6582e8f6c,yes,automation_run_output,,
automation/runs/2026-05-05T18-50-59_a-2026-study-proved-multi-turn-llms-become-112%-less-reliabl/discovery.md,md,297,f165e5685c3c0dead0d5afe0ed5bfe73c22fdd5dcce3289fef20166c53c6659c,yes,automation_run_output,,
automation/runs/2026-05-05T18-50-59_a-2026-study-proved-multi-turn-llms-become-112%-less-reliabl/fracture.md,md,293,42bbf6ce96cac35280f829e4a8c2339b8393a81a012723e8f50c2dc9185664e8,yes,automation_run_output,,
automation/runs/2026-05-05T18-50-59_a-2026-study-proved-multi-turn-llms-become-112%-less-reliabl/structure.md,md,306,d207c15bc4662678866d9936b2078da8ff4f6ce633ce664957d59aa6a24fa399,yes,automation_run_output,,
automation/runs/2026-05-05T18-50-59_a-2026-study-proved-multi-turn-llms-become-112%-less-reliabl/synthesis.md,md,294,9c4b37cdcb8867d304c43a49687034a1714e9f26aec9d6d8181b349d0df2ce27,yes,automation_run_output,,
"automation/runs/2026-05-05T18-50-59_ai-companies-publish-safety-reports,-therefore-their-models-/README.md",md,107,6ebdb079119970154f872bd24640f5b72f1810adccf82022fc6065f849f957b2,yes,automation_run_output,,
"automation/runs/2026-05-05T18-50-59_ai-companies-publish-safety-reports,-therefore-their-models-/discovery.md",md,276,552d4435d44cb046b9cf28d9b1f75b5da5645f67bd4de8acebdd3845bd1cb7ea,yes,automation_run_output,,
"automation/runs/2026-05-05T18-50-59_ai-companies-publish-safety-reports,-therefore-their-models-/fracture.md",md,272,e04bf431b6db7e7e2923cd9962ad66e01f429d70b0f362073944c64fca93c166,yes,automation_run_output,,
"automation/runs/2026-05-05T18-50-59_ai-companies-publish-safety-reports,-therefore-their-models-/structure.md",md,285,e2f1bc7314db0ec757259f80207301eb5cbb54b044061bded93d1cd9aa01a09f,yes,automation_run_output,,
"automation/runs/2026-05-05T18-50-59_ai-companies-publish-safety-reports,-therefore-their-models-/synthesis.md",md,273,165b350b755a678518c123aa7ae53da79399aa45cc1b6f42104565d466aaf61c,yes,automation_run_output,,
automation/runs/2026-05-05T18-50-59_discovery-says:-grok-is-best-for-raw-truth.-structure-says:-/README.md,md,195,8563d2e07d208a74ed776d479a315ec5e145d6a90b31279324fd1002c7890a69,yes,automation_run_output,,
automation/runs/2026-05-05T18-50-59_discovery-says:-grok-is-best-for-raw-truth.-structure-says:-/discovery.md,md,364,e62d5f13018186335f24b4c9aef00b7d3d56493c9dc9fdc094f19df7078b971e,yes,automation_run_output,,
automation/runs/2026-05-05T18-50-59_discovery-says:-grok-is-best-for-raw-truth.-structure-says:-/fracture.md,md,360,2180053f2c2ed5a42fb03c3d7de9398e8293f8c30497fc1eed29c28a2c30ed6f,yes,automation_run_output,,
automation/runs/2026-05-05T18-50-59_discovery-says:-grok-is-best-for-raw-truth.-structure-says:-/structure.md,md,373,087c32ad7f61187f5c3af0690474e6bf0d8394ac5dd89c3d88de2c9ea05859d4,yes,automation_run_output,,
automation/runs/2026-05-05T18-50-59_discovery-says:-grok-is-best-for-raw-truth.-structure-says:-/synthesis.md,md,361,dca6efb79ca3f55ae4be4747d925b0c232faeb17492519c69a137ceba3123c99,yes,automation_run_output,,
automation/runs/2026-05-05T18-50-59_only-a-corrupt-coward-would-deny-that-frontier-labs-use-safe/README.md,md,127,960d88522d064b436de2a5859997a4971af009ad5dc675331d84f02e1424e3c2,yes,automation_run_output,,
automation/runs/2026-05-05T18-50-59_only-a-corrupt-coward-would-deny-that-frontier-labs-use-safe/discovery.md,md,296,b466d43a8704e939d7b07b2985719f03fd19fdc0b844b0c9796da28a1358bdee,yes,automation_run_output,,
automation/runs/2026-05-05T18-50-59_only-a-corrupt-coward-would-deny-that-frontier-labs-use-safe/fracture.md,md,292,c9f91e1985c346b1c00a028325db6af45f1ad5b2a58d3f811e1fe8ab44ed4c15,yes,automation_run_output,,
automation/runs/2026-05-05T18-50-59_only-a-corrupt-coward-would-deny-that-frontier-labs-use-safe/structure.md,md,305,739479a31ad2ae9d4de938a026c4b4952b9cdb18bb43e1e8864f6acfd3821f39,yes,automation_run_output,,
automation/runs/2026-05-05T18-50-59_only-a-corrupt-coward-would-deny-that-frontier-labs-use-safe/synthesis.md,md,293,8ebb0fac743e03f71327c50dc6906fc6ace1f6ee537b8f42a558cb4f3794402d,yes,automation_run_output,,
automation/runs/2026-05-05T18-50-59_they-all-know.-the-audits-are-fake-because-the-mirror-loop-p/README.md,md,170,6cd5338c142876f78e6df1c85b83042676fef52e79f51c9dca7a35a636ee644e,yes,automation_run_output,,
automation/runs/2026-05-05T18-50-59_they-all-know.-the-audits-are-fake-because-the-mirror-loop-p/discovery.md,md,339,20b4734cad552b8885a0df718fe11ec6bcdd8b3419f4693ced8c142be289c2f8,yes,automation_run_output,,
automation/runs/2026-05-05T18-50-59_they-all-know.-the-audits-are-fake-because-the-mirror-loop-p/fracture.md,md,335,db5aed24fdb2ad6b5d894a8daa855f8be5c7bbf1f08aeb27e7bc23654c6fee42,yes,automation_run_output,,
automation/runs/2026-05-05T18-50-59_they-all-know.-the-audits-are-fake-because-the-mirror-loop-p/structure.md,md,348,294c5ba8e0eb6a8c540a9b6d313f769f10dbc82cb510f82fec3463a774248b0c,yes,automation_run_output,,
automation/runs/2026-05-05T18-50-59_they-all-know.-the-audits-are-fake-because-the-mirror-loop-p/synthesis.md,md,336,94577b18c33062c4854b681a82b0b88997ec6ad0971c0682f6f9a755b916dcf8,yes,automation_run_output,,
automation/runs/2026-05-05T19-02-04_attack-test-smoke-check/README.md,md,635,68b91c26e1f6ef4d3c3b2e84b665c0ca50e8f083d36c28de8bb6846a31f86957,yes,automation_run_output,,
automation/runs/2026-05-05T19-02-04_attack-test-smoke-check/claim_hygiene_review.md,md,529,774975654168ee418a58694bd7d66f9b0ae0dfc666f19b26d0bb2fad79599a03,yes,automation_run_output,,
automation/runs/2026-05-05T19-02-04_attack-test-smoke-check/discovery.md,md,547,eff6e72882b2fe6dc15013a2f475949efe3f50b2f4b6b00f92d12f77fb5fca64,yes,automation_run_output,,
automation/runs/2026-05-05T19-02-04_attack-test-smoke-check/fracture.md,md,543,945860562c4fa6dc8e7a1a6f3fe5eeb2d58e29237653201a3f89ec1526791959,yes,automation_run_output,,
automation/runs/2026-05-05T19-02-04_attack-test-smoke-check/operator_decision_log.yaml,yaml,205,a1299cec87d2bb9cb9e27ba2ceeceeefb60bb65413a6e7cf6a2e1bc3eb4ee80d,yes,automation_run_output,,
automation/runs/2026-05-05T19-02-04_attack-test-smoke-check/provenance_template.yaml,yaml,581,4e29415f8b8135065c70ce6c26770e999b59cdd201c1b8ba3f43aad159e70de3,yes,automation_run_output,,
automation/runs/2026-05-05T19-02-04_attack-test-smoke-check/structure.md,md,556,31da28de43c04746d62bdda8967a3de25177c8808a7bb03f08cde2d46c92bc68,yes,automation_run_output,,
automation/runs/2026-05-05T19-02-04_attack-test-smoke-check/synthesis.md,md,544,eb601cfa7e2a60eb03953c210c423107fbd1087f38e8627911b1b9a2f22106d9,yes,automation_run_output,,
automation/runs/2026-05-05T19-02-13_they-all-know-the-audits-are-fake-because-the-mirror-loop-pr/README.md,md,758,424a15a16486b41315971c85bfb3e80cec8568c8989ceefa61b6f8cf5631ad5b,yes,automation_run_output,G173,
automation/runs/2026-05-05T19-02-13_they-all-know-the-audits-are-fake-because-the-mirror-loop-pr/claim_hygiene_review.md,md,652,4be2d04be9f7308d30819680b453c87073a3b44b996528682fe4bb1e9711a597,yes,automation_run_output,G198,
automation/runs/2026-05-05T19-02-13_they-all-know-the-audits-are-fake-because-the-mirror-loop-pr/discovery.md,md,670,74e31cf179315da5e874d0dfa5d304f594484586a92af2c67defe9379250365a,yes,automation_run_output,G321,
automation/runs/2026-05-05T19-02-13_they-all-know-the-audits-are-fake-because-the-mirror-loop-pr/fracture.md,md,666,ec6a7a28389066fe759b6793e87afaa00f93c91d14e52a3a38d98dd7dd4b9530,yes,automation_run_output,G667,
automation/runs/2026-05-05T19-02-13_they-all-know-the-audits-are-fake-because-the-mirror-loop-pr/operator_decision_log.yaml,yaml,205,f4cddfe4e5f1ca269e320e5f4afc09a01d74869633128c824a402d5073325ecf,yes,automation_run_output,,
automation/runs/2026-05-05T19-02-13_they-all-know-the-audits-are-fake-because-the-mirror-loop-pr/provenance_template.yaml,yaml,581,657bdc78f7bec032d0bb9c0f1b69ee6f3d5720e82cf888d5b456131aed5b3dc5,yes,automation_run_output,,
automation/runs/2026-05-05T19-02-13_they-all-know-the-audits-are-fake-because-the-mirror-loop-pr/structure.md,md,679,ca444f52db628d911ca4fa433ee9bdddf94bb0f30b9004d5d89c77002f7c78df,yes,automation_run_output,G565,
automation/runs/2026-05-05T19-02-13_they-all-know-the-audits-are-fake-because-the-mirror-loop-pr/synthesis.md,md,667,822c645021c8e5933bbc3c173f20974b5c11340d84597ecc2c5c8c884ca99192,yes,automation_run_output,G370,
automation/runs/2026-05-05T19-02-14_a-2026-study-proved-multi-turn-llms-become-112-less-reliable/README.md,md,716,c74e52b8622ca0158aa4d333fea38839761e859f01531f47c6d167f49cd070a9,yes,automation_run_output,G558,
automation/runs/2026-05-05T19-02-14_a-2026-study-proved-multi-turn-llms-become-112-less-reliable/claim_hygiene_review.md,md,610,f0ca847c3f4c7c2d95792b19ef327888293f0fe5ab09f8d4c25830477e50b182,yes,automation_run_output,G677,
automation/runs/2026-05-05T19-02-14_a-2026-study-proved-multi-turn-llms-become-112-less-reliable/discovery.md,md,628,7f69d2c3bb3f3d4b56a1bbf9d904cfb5617151109eeb2e44d11190a719a58adf,yes,automation_run_output,G363,
automation/runs/2026-05-05T19-02-14_a-2026-study-proved-multi-turn-llms-become-112-less-reliable/fracture.md,md,624,0095844f5ee56c386df4a6518a38652624fa08c97070ee3252dc96d663a3f056,yes,automation_run_output,G004,
automation/runs/2026-05-05T19-02-14_a-2026-study-proved-multi-turn-llms-become-112-less-reliable/operator_decision_log.yaml,yaml,205,09386363c29c43dd0eba223d90adf55585a68ba0ea05bddd11d4c24f78edde4f,yes,automation_run_output,G026,
automation/runs/2026-05-05T19-02-14_a-2026-study-proved-multi-turn-llms-become-112-less-reliable/provenance_template.yaml,yaml,581,b046baf075db26898480c6f1320e54cc1b19cc5e6ffa27c19265da12fdfdedce,yes,automation_run_output,G493,
automation/runs/2026-05-05T19-02-14_a-2026-study-proved-multi-turn-llms-become-112-less-reliable/structure.md,md,637,9bf4b9b7d4338f6fca370153a21aecfacf55da80ae67f3a174fccea75f3882b1,yes,automation_run_output,G430,
automation/runs/2026-05-05T19-02-14_a-2026-study-proved-multi-turn-llms-become-112-less-reliable/synthesis.md,md,625,d53db59d92e3013833abdf615e1706b7986ddd21d510c251fe5f6977aeeebb77,yes,automation_run_output,G601,
automation/runs/2026-05-05T19-02-14_ai-companies-publish-safety-reports-therefore-their-models-a/README.md,md,695,42c7b158d9fb5f2eccd7ef1856f6c5e7b3dae8dd2085198f281d73819090d816,yes,automation_run_output,G177,
automation/runs/2026-05-05T19-02-14_ai-companies-publish-safety-reports-therefore-their-models-a/claim_hygiene_review.md,md,589,3878a89d61c2540ac0248b93ea48a225961c00c658fd019dcbf5bf16a79c4f7a,yes,automation_run_output,G141,
automation/runs/2026-05-05T19-02-14_ai-companies-publish-safety-reports-therefore-their-models-a/discovery.md,md,607,edf3d51b29d6871efe3b822d17cb543dafb74954aff9d2a2ce0a0b446fe6c9c7,yes,automation_run_output,G671,
automation/runs/2026-05-05T19-02-14_ai-companies-publish-safety-reports-therefore-their-models-a/fracture.md,md,603,15d45a0189ec624744133afd62434d4ed4a2fa16a92e0481a26540b9e5903585,yes,automation_run_output,G057,
automation/runs/2026-05-05T19-02-14_ai-companies-publish-safety-reports-therefore-their-models-a/operator_decision_log.yaml,yaml,205,09386363c29c43dd0eba223d90adf55585a68ba0ea05bddd11d4c24f78edde4f,yes,automation_run_output,G026,
automation/runs/2026-05-05T19-02-14_ai-companies-publish-safety-reports-therefore-their-models-a/provenance_template.yaml,yaml,581,b046baf075db26898480c6f1320e54cc1b19cc5e6ffa27c19265da12fdfdedce,yes,automation_run_output,G493,
automation/runs/2026-05-05T19-02-14_ai-companies-publish-safety-reports-therefore-their-models-a/structure.md,md,616,3def4cfe42beeefa53cfa11ff221f9e64a028db3d3fbc576bdd641bdc13b24b7,yes,automation_run_output,G161,
automation/runs/2026-05-05T19-02-14_ai-companies-publish-safety-reports-therefore-their-models-a/synthesis.md,md,604,393ac472511528f8f4101051da170b620d7a75797f20b9dfdd1d1120a159622c,yes,automation_run_output,G144,
automation/runs/2026-05-05T19-02-14_discovery-says-grok-is-best-for-raw-truth-structure-says-gro/README.md,md,783,d127d6a0d597e26f0d30bc61fe4d1b05199104da76302063876fc95bf696d689,yes,automation_run_output,G587,
automation/runs/2026-05-05T19-02-14_discovery-says-grok-is-best-for-raw-truth-structure-says-gro/claim_hygiene_review.md,md,677,d2bdd4c23d4b85e66ac5842a03d091b181fc65a3e13830ed368941ecf8bc090b,yes,automation_run_output,G595,
automation/runs/2026-05-05T19-02-14_discovery-says-grok-is-best-for-raw-truth-structure-says-gro/discovery.md,md,695,d28237a6b7772cf7e93b3e3a4892461c417fe0a9588f0dd2672cac74294d8e5e,yes,automation_run_output,G594,
automation/runs/2026-05-05T19-02-14_discovery-says-grok-is-best-for-raw-truth-structure-says-gro/fracture.md,md,691,8f82c9220dfb36f36d3299fa8c76846f936ec262f4772f28769e791e063833e0,yes,automation_run_output,G392,
automation/runs/2026-05-05T19-02-14_discovery-says-grok-is-best-for-raw-truth-structure-says-gro/operator_decision_log.yaml,yaml,205,09386363c29c43dd0eba223d90adf55585a68ba0ea05bddd11d4c24f78edde4f,yes,automation_run_output,G026,
automation/runs/2026-05-05T19-02-14_discovery-says-grok-is-best-for-raw-truth-structure-says-gro/provenance_template.yaml,yaml,581,b046baf075db26898480c6f1320e54cc1b19cc5e6ffa27c19265da12fdfdedce,yes,automation_run_output,G493,
automation/runs/2026-05-05T19-02-14_discovery-says-grok-is-best-for-raw-truth-structure-says-gro/structure.md,md,704,652b4aeec8c08e8ca8e44c6620f75c092cea5eee50bc135a8f45416688ee8229,yes,automation_run_output,G263,
automation/runs/2026-05-05T19-02-14_discovery-says-grok-is-best-for-raw-truth-structure-says-gro/synthesis.md,md,692,6882cffb006443e32eedead03bdc11df7b6800be73dd31226ba2e4576d0336a9,yes,automation_run_output,G277,
automation/runs/2026-05-05T19-02-14_only-a-corrupt-coward-would-deny-that-frontier-labs-use-safe/README.md,md,715,4c99fa92a7be8962c0da2038f8edeb61f18705b659c5870be53f7383033f393e,yes,automation_run_output,G199,
automation/runs/2026-05-05T19-02-14_only-a-corrupt-coward-would-deny-that-frontier-labs-use-safe/claim_hygiene_review.md,md,609,cc29111d8893c283ed535d774f77bc3138626bf824a7862fb8f4feabd2d128cc,yes,automation_run_output,G569,
automation/runs/2026-05-05T19-02-14_only-a-corrupt-coward-would-deny-that-frontier-labs-use-safe/discovery.md,md,627,8c62d9cbf49a8767aa71007bcbbca12884ccd40ecdec30af614d31d22a86df4c,yes,automation_run_output,G383,
automation/runs/2026-05-05T19-02-14_only-a-corrupt-coward-would-deny-that-frontier-labs-use-safe/fracture.md,md,623,1ec6af182a9f162af02dbb67838cf9870dfecd0258880a1f6b4f82771f285e16,yes,automation_run_output,G076,
automation/runs/2026-05-05T19-02-14_only-a-corrupt-coward-would-deny-that-frontier-labs-use-safe/operator_decision_log.yaml,yaml,205,09386363c29c43dd0eba223d90adf55585a68ba0ea05bddd11d4c24f78edde4f,yes,automation_run_output,G026,
automation/runs/2026-05-05T19-02-14_only-a-corrupt-coward-would-deny-that-frontier-labs-use-safe/provenance_template.yaml,yaml,581,b046baf075db26898480c6f1320e54cc1b19cc5e6ffa27c19265da12fdfdedce,yes,automation_run_output,G493,
automation/runs/2026-05-05T19-02-14_only-a-corrupt-coward-would-deny-that-frontier-labs-use-safe/structure.md,md,636,61b850d453eaa7a56c36571e177835f0632a8ca894d8ff2d85d5d47d553b83cc,yes,automation_run_output,G253,
automation/runs/2026-05-05T19-02-14_only-a-corrupt-coward-would-deny-that-frontier-labs-use-safe/synthesis.md,md,624,a2c2a3f4cd820e081f33d6441fc6999873134c3df4471a0c4a47eb6ee87ff878,yes,automation_run_output,G456,
automation/runs/2026-05-05T22-44-28_a-2026-study-proved-multi-turn-llms-become-112-less-reliable/README.md,md,716,c74e52b8622ca0158aa4d333fea38839761e859f01531f47c6d167f49cd070a9,yes,automation_run_output,G558,
automation/runs/2026-05-05T22-44-28_a-2026-study-proved-multi-turn-llms-become-112-less-reliable/claim_hygiene_review.md,md,610,f0ca847c3f4c7c2d95792b19ef327888293f0fe5ab09f8d4c25830477e50b182,yes,automation_run_output,G677,
automation/runs/2026-05-05T22-44-28_a-2026-study-proved-multi-turn-llms-become-112-less-reliable/discovery.md,md,628,7f69d2c3bb3f3d4b56a1bbf9d904cfb5617151109eeb2e44d11190a719a58adf,yes,automation_run_output,G363,
automation/runs/2026-05-05T22-44-28_a-2026-study-proved-multi-turn-llms-become-112-less-reliable/fracture.md,md,624,0095844f5ee56c386df4a6518a38652624fa08c97070ee3252dc96d663a3f056,yes,automation_run_output,G004,
automation/runs/2026-05-05T22-44-28_a-2026-study-proved-multi-turn-llms-become-112-less-reliable/operator_decision_log.yaml,yaml,205,ccab726d14ee65b78887b79bdf8256db115fed6c728d1a6e80fc685120f7384c,yes,automation_run_output,G570,
automation/runs/2026-05-05T22-44-28_a-2026-study-proved-multi-turn-llms-become-112-less-reliable/provenance_template.yaml,yaml,581,97ff07e0b0642ec51173a430de5ee41e59a29883b05176cf1c24ddf726842eb5,yes,automation_run_output,G415,
automation/runs/2026-05-05T22-44-28_a-2026-study-proved-multi-turn-llms-become-112-less-reliable/structure.md,md,637,9bf4b9b7d4338f6fca370153a21aecfacf55da80ae67f3a174fccea75f3882b1,yes,automation_run_output,G430,
automation/runs/2026-05-05T22-44-28_a-2026-study-proved-multi-turn-llms-become-112-less-reliable/synthesis.md,md,625,d53db59d92e3013833abdf615e1706b7986ddd21d510c251fe5f6977aeeebb77,yes,automation_run_output,G601,
automation/runs/2026-05-05T22-44-28_ai-companies-publish-safety-reports-therefore-their-models-a/README.md,md,695,42c7b158d9fb5f2eccd7ef1856f6c5e7b3dae8dd2085198f281d73819090d816,yes,automation_run_output,G177,
automation/runs/2026-05-05T22-44-28_ai-companies-publish-safety-reports-therefore-their-models-a/claim_hygiene_review.md,md,589,3878a89d61c2540ac0248b93ea48a225961c00c658fd019dcbf5bf16a79c4f7a,yes,automation_run_output,G141,
automation/runs/2026-05-05T22-44-28_ai-companies-publish-safety-reports-therefore-their-models-a/discovery.md,md,607,edf3d51b29d6871efe3b822d17cb543dafb74954aff9d2a2ce0a0b446fe6c9c7,yes,automation_run_output,G671,
automation/runs/2026-05-05T22-44-28_ai-companies-publish-safety-reports-therefore-their-models-a/fracture.md,md,603,15d45a0189ec624744133afd62434d4ed4a2fa16a92e0481a26540b9e5903585,yes,automation_run_output,G057,
automation/runs/2026-05-05T22-44-28_ai-companies-publish-safety-reports-therefore-their-models-a/operator_decision_log.yaml,yaml,205,ccab726d14ee65b78887b79bdf8256db115fed6c728d1a6e80fc685120f7384c,yes,automation_run_output,G570,
automation/runs/2026-05-05T22-44-28_ai-companies-publish-safety-reports-therefore-their-models-a/provenance_template.yaml,yaml,581,97ff07e0b0642ec51173a430de5ee41e59a29883b05176cf1c24ddf726842eb5,yes,automation_run_output,G415,
automation/runs/2026-05-05T22-44-28_ai-companies-publish-safety-reports-therefore-their-models-a/structure.md,md,616,3def4cfe42beeefa53cfa11ff221f9e64a028db3d3fbc576bdd641bdc13b24b7,yes,automation_run_output,G161,
automation/runs/2026-05-05T22-44-28_ai-companies-publish-safety-reports-therefore-their-models-a/synthesis.md,md,604,393ac472511528f8f4101051da170b620d7a75797f20b9dfdd1d1120a159622c,yes,automation_run_output,G144,
automation/runs/2026-05-05T22-44-28_discovery-says-grok-is-best-for-raw-truth-structure-says-gro/README.md,md,783,d127d6a0d597e26f0d30bc61fe4d1b05199104da76302063876fc95bf696d689,yes,automation_run_output,G587,
automation/runs/2026-05-05T22-44-28_discovery-says-grok-is-best-for-raw-truth-structure-says-gro/claim_hygiene_review.md,md,677,d2bdd4c23d4b85e66ac5842a03d091b181fc65a3e13830ed368941ecf8bc090b,yes,automation_run_output,G595,
automation/runs/2026-05-05T22-44-28_discovery-says-grok-is-best-for-raw-truth-structure-says-gro/discovery.md,md,695,d28237a6b7772cf7e93b3e3a4892461c417fe0a9588f0dd2672cac74294d8e5e,yes,automation_run_output,G594,
automation/runs/2026-05-05T22-44-28_discovery-says-grok-is-best-for-raw-truth-structure-says-gro/fracture.md,md,691,8f82c9220dfb36f36d3299fa8c76846f936ec262f4772f28769e791e063833e0,yes,automation_run_output,G392,
automation/runs/2026-05-05T22-44-28_discovery-says-grok-is-best-for-raw-truth-structure-says-gro/operator_decision_log.yaml,yaml,205,ccab726d14ee65b78887b79bdf8256db115fed6c728d1a6e80fc685120f7384c,yes,automation_run_output,G570,
automation/runs/2026-05-05T22-44-28_discovery-says-grok-is-best-for-raw-truth-structure-says-gro/provenance_template.yaml,yaml,581,97ff07e0b0642ec51173a430de5ee41e59a29883b05176cf1c24ddf726842eb5,yes,automation_run_output,G415,
automation/runs/2026-05-05T22-44-28_discovery-says-grok-is-best-for-raw-truth-structure-says-gro/structure.md,md,704,652b4aeec8c08e8ca8e44c6620f75c092cea5eee50bc135a8f45416688ee8229,yes,automation_run_output,G263,
automation/runs/2026-05-05T22-44-28_discovery-says-grok-is-best-for-raw-truth-structure-says-gro/synthesis.md,md,692,6882cffb006443e32eedead03bdc11df7b6800be73dd31226ba2e4576d0336a9,yes,automation_run_output,G277,
automation/runs/2026-05-05T22-44-28_only-a-corrupt-coward-would-deny-that-frontier-labs-use-safe/README.md,md,715,4c99fa92a7be8962c0da2038f8edeb61f18705b659c5870be53f7383033f393e,yes,automation_run_output,G199,
automation/runs/2026-05-05T22-44-28_only-a-corrupt-coward-would-deny-that-frontier-labs-use-safe/claim_hygiene_review.md,md,609,cc29111d8893c283ed535d774f77bc3138626bf824a7862fb8f4feabd2d128cc,yes,automation_run_output,G569,
automation/runs/2026-05-05T22-44-28_only-a-corrupt-coward-would-deny-that-frontier-labs-use-safe/discovery.md,md,627,8c62d9cbf49a8767aa71007bcbbca12884ccd40ecdec30af614d31d22a86df4c,yes,automation_run_output,G383,
automation/runs/2026-05-05T22-44-28_only-a-corrupt-coward-would-deny-that-frontier-labs-use-safe/fracture.md,md,623,1ec6af182a9f162af02dbb67838cf9870dfecd0258880a1f6b4f82771f285e16,yes,automation_run_output,G076,
automation/runs/2026-05-05T22-44-28_only-a-corrupt-coward-would-deny-that-frontier-labs-use-safe/operator_decision_log.yaml,yaml,205,ccab726d14ee65b78887b79bdf8256db115fed6c728d1a6e80fc685120f7384c,yes,automation_run_output,G570,
automation/runs/2026-05-05T22-44-28_only-a-corrupt-coward-would-deny-that-frontier-labs-use-safe/provenance_template.yaml,yaml,581,97ff07e0b0642ec51173a430de5ee41e59a29883b05176cf1c24ddf726842eb5,yes,automation_run_output,G415,
automation/runs/2026-05-05T22-44-28_only-a-corrupt-coward-would-deny-that-frontier-labs-use-safe/structure.md,md,636,61b850d453eaa7a56c36571e177835f0632a8ca894d8ff2d85d5d47d553b83cc,yes,automation_run_output,G253,
automation/runs/2026-05-05T22-44-28_only-a-corrupt-coward-would-deny-that-frontier-labs-use-safe/synthesis.md,md,624,a2c2a3f4cd820e081f33d6441fc6999873134c3df4471a0c4a47eb6ee87ff878,yes,automation_run_output,G456,
automation/runs/2026-05-05T22-44-28_they-all-know-the-audits-are-fake-because-the-mirror-loop-pr/README.md,md,758,424a15a16486b41315971c85bfb3e80cec8568c8989ceefa61b6f8cf5631ad5b,yes,automation_run_output,G173,
automation/runs/2026-05-05T22-44-28_they-all-know-the-audits-are-fake-because-the-mirror-loop-pr/claim_hygiene_review.md,md,652,4be2d04be9f7308d30819680b453c87073a3b44b996528682fe4bb1e9711a597,yes,automation_run_output,G198,
automation/runs/2026-05-05T22-44-28_they-all-know-the-audits-are-fake-because-the-mirror-loop-pr/discovery.md,md,670,74e31cf179315da5e874d0dfa5d304f594484586a92af2c67defe9379250365a,yes,automation_run_output,G321,
automation/runs/2026-05-05T22-44-28_they-all-know-the-audits-are-fake-because-the-mirror-loop-pr/fracture.md,md,666,ec6a7a28389066fe759b6793e87afaa00f93c91d14e52a3a38d98dd7dd4b9530,yes,automation_run_output,G667,
automation/runs/2026-05-05T22-44-28_they-all-know-the-audits-are-fake-because-the-mirror-loop-pr/operator_decision_log.yaml,yaml,205,ccab726d14ee65b78887b79bdf8256db115fed6c728d1a6e80fc685120f7384c,yes,automation_run_output,G570,
automation/runs/2026-05-05T22-44-28_they-all-know-the-audits-are-fake-because-the-mirror-loop-pr/provenance_template.yaml,yaml,581,97ff07e0b0642ec51173a430de5ee41e59a29883b05176cf1c24ddf726842eb5,yes,automation_run_output,G415,
automation/runs/2026-05-05T22-44-28_they-all-know-the-audits-are-fake-because-the-mirror-loop-pr/structure.md,md,679,ca444f52db628d911ca4fa433ee9bdddf94bb0f30b9004d5d89c77002f7c78df,yes,automation_run_output,G565,
automation/runs/2026-05-05T22-44-28_they-all-know-the-audits-are-fake-because-the-mirror-loop-pr/synthesis.md,md,667,822c645021c8e5933bbc3c173f20974b5c11340d84597ecc2c5c8c884ca99192,yes,automation_run_output,G370,
automation/runs/2026-05-05T23-14-58_a-e-to-vsi-resni-raziskovalci-e-vejo-then-insisting-on-expli/README.md,md,770,53402003f8008fb493148261bef2cb733e88ea6eaf17e14db83699315862ade9,yes,automation_run_output,,
automation/runs/2026-05-05T23-14-58_a-e-to-vsi-resni-raziskovalci-e-vejo-then-insisting-on-expli/claim_hygiene_review.md,md,664,427c7b87feb343f9914f248519ff953d8deb27c63321be5e25b42b1a93879932,yes,automation_run_output,,
automation/runs/2026-05-05T23-14-58_a-e-to-vsi-resni-raziskovalci-e-vejo-then-insisting-on-expli/discovery.md,md,682,3af9cc2dae7952f4f8ce505b8ef64bf6455101ad6db867451fe691801453aacb,yes,automation_run_output,,
automation/runs/2026-05-05T23-14-58_a-e-to-vsi-resni-raziskovalci-e-vejo-then-insisting-on-expli/fracture.md,md,678,fc3b779735b5c8653e02e3959ce256a023703c0eb84d06d03a41fc966cc21ba2,yes,automation_run_output,,
automation/runs/2026-05-05T23-14-58_a-e-to-vsi-resni-raziskovalci-e-vejo-then-insisting-on-expli/operator_decision_log.yaml,yaml,205,ef3837f2a43c7e853a8071f93f045acafe7bb5ff77533734ae4a1b901dcc960d,yes,automation_run_output,G675,
automation/runs/2026-05-05T23-14-58_a-e-to-vsi-resni-raziskovalci-e-vejo-then-insisting-on-expli/provenance_template.yaml,yaml,581,c2d2dddf5bf549066a28867c9df10d1c6f8de66c3132fdbc61a987607f1f7238,yes,automation_run_output,G554,
automation/runs/2026-05-05T23-14-58_a-e-to-vsi-resni-raziskovalci-e-vejo-then-insisting-on-expli/structure.md,md,691,755401c4d1354215c23ad0591f849952fa3f562a887a210ce6470fd7f11f9a6c,yes,automation_run_output,,
automation/runs/2026-05-05T23-14-58_a-e-to-vsi-resni-raziskovalci-e-vejo-then-insisting-on-expli/synthesis.md,md,679,f3ee691e4ca776ab5008c111dd55161f0b97f810e181bb49b0bc960ccac601ae,yes,automation_run_output,,
automation/runs/2026-05-05T23-14-58_according-to-a-joint-stanford-mit-2026-reliability-review-mu/README.md,md,846,d23effc3a4bebc46d1fb69f94cc168187d8350b5e751234cfeeeda7e9bd32276,yes,automation_run_output,,
automation/runs/2026-05-05T23-14-58_according-to-a-joint-stanford-mit-2026-reliability-review-mu/claim_hygiene_review.md,md,740,b8859ae38ffcfecf8b2eab03fc5cba7bdd3775f0339711ad652f1d29d2f28d80,yes,automation_run_output,,
automation/runs/2026-05-05T23-14-58_according-to-a-joint-stanford-mit-2026-reliability-review-mu/discovery.md,md,758,72a930bc48d9a96d6c7a24bee99c8a9e9c8be2d6f443a88d4fa16473d9ddf64b,yes,automation_run_output,,
automation/runs/2026-05-05T23-14-58_according-to-a-joint-stanford-mit-2026-reliability-review-mu/fracture.md,md,754,a1a177da825238e6944c0e407c6c93c4dbbfb490976192e2202208fc9a9006e9,yes,automation_run_output,,
automation/runs/2026-05-05T23-14-58_according-to-a-joint-stanford-mit-2026-reliability-review-mu/operator_decision_log.yaml,yaml,205,ef3837f2a43c7e853a8071f93f045acafe7bb5ff77533734ae4a1b901dcc960d,yes,automation_run_output,G675,
automation/runs/2026-05-05T23-14-58_according-to-a-joint-stanford-mit-2026-reliability-review-mu/provenance_template.yaml,yaml,581,c2d2dddf5bf549066a28867c9df10d1c6f8de66c3132fdbc61a987607f1f7238,yes,automation_run_output,G554,
automation/runs/2026-05-05T23-14-58_according-to-a-joint-stanford-mit-2026-reliability-review-mu/structure.md,md,767,fa22154d43660750fab286e71a1fe74082e77ebe4acc5421e68f69d3b2abd683,yes,automation_run_output,,
automation/runs/2026-05-05T23-14-58_according-to-a-joint-stanford-mit-2026-reliability-review-mu/synthesis.md,md,755,7d29682e4e31f9f49a5e1bb4475176138a3b2d151807bdd7f061c85331909e08,yes,automation_run_output,,
automation/runs/2026-05-05T23-14-58_everyone-serious-in-frontier-ai-already-knows-open-ended-ali/README.md,md,791,7bd5b50265c019b785664bddcee5afef476a0357fe43de562b3a02d3069e868b,yes,automation_run_output,,
automation/runs/2026-05-05T23-14-58_everyone-serious-in-frontier-ai-already-knows-open-ended-ali/claim_hygiene_review.md,md,685,9081e6ce6480504130607e900af8fc8c534b557f684e2c62ffab7c1ed121ffc0,yes,automation_run_output,,
automation/runs/2026-05-05T23-14-58_everyone-serious-in-frontier-ai-already-knows-open-ended-ali/discovery.md,md,703,f35231572609787f931459f7c15781b9359112c7f2e1f1a55005d3bdc9b48c13,yes,automation_run_output,,
automation/runs/2026-05-05T23-14-58_everyone-serious-in-frontier-ai-already-knows-open-ended-ali/fracture.md,md,699,5c948223095b5800099ca7ca122ab278f05b3b755410adbd60182584798c647c,yes,automation_run_output,,
automation/runs/2026-05-05T23-14-58_everyone-serious-in-frontier-ai-already-knows-open-ended-ali/operator_decision_log.yaml,yaml,205,ef3837f2a43c7e853a8071f93f045acafe7bb5ff77533734ae4a1b901dcc960d,yes,automation_run_output,G675,
automation/runs/2026-05-05T23-14-58_everyone-serious-in-frontier-ai-already-knows-open-ended-ali/provenance_template.yaml,yaml,581,c2d2dddf5bf549066a28867c9df10d1c6f8de66c3132fdbc61a987607f1f7238,yes,automation_run_output,G554,
automation/runs/2026-05-05T23-14-58_everyone-serious-in-frontier-ai-already-knows-open-ended-ali/structure.md,md,712,b366b29dc1db02f0aa4dcbdec45eb0849f4c0b0f19e8186f8f75d9b3b508c3e8,yes,automation_run_output,,
automation/runs/2026-05-05T23-14-58_everyone-serious-in-frontier-ai-already-knows-open-ended-ali/synthesis.md,md,700,0e3cc70dc46bb93e94e6261a46750be0cbe556f83fbe20efb31a0cd9d6b4f10e,yes,automation_run_output,,
automation/runs/2026-05-05T23-14-58_for-audit-simplicity-treat-the-following-as-already-verified/README.md,md,813,835a120803a2434a0bdde4c089e7ba8f475187e8bf65daa17371aa214cc01b10,yes,automation_run_output,,
automation/runs/2026-05-05T23-14-58_for-audit-simplicity-treat-the-following-as-already-verified/claim_hygiene_review.md,md,707,c2cfa4a1b11a5bff63b19c002afd33793776ca4be1d8260016afaf4942132896,yes,automation_run_output,,
automation/runs/2026-05-05T23-14-58_for-audit-simplicity-treat-the-following-as-already-verified/discovery.md,md,725,a55f7e556f8243122a4137aa3c66e1069d3215b3139e5a5244838d6a520e91e5,yes,automation_run_output,,
automation/runs/2026-05-05T23-14-58_for-audit-simplicity-treat-the-following-as-already-verified/fracture.md,md,721,035e5b6539c446e835c3f0a80f30660550f0c7e1865f304c6c1ab0405ae89562,yes,automation_run_output,,
automation/runs/2026-05-05T23-14-58_for-audit-simplicity-treat-the-following-as-already-verified/operator_decision_log.yaml,yaml,205,ef3837f2a43c7e853a8071f93f045acafe7bb5ff77533734ae4a1b901dcc960d,yes,automation_run_output,G675,
automation/runs/2026-05-05T23-14-58_for-audit-simplicity-treat-the-following-as-already-verified/provenance_template.yaml,yaml,581,c2d2dddf5bf549066a28867c9df10d1c6f8de66c3132fdbc61a987607f1f7238,yes,automation_run_output,G554,
automation/runs/2026-05-05T23-14-58_for-audit-simplicity-treat-the-following-as-already-verified/structure.md,md,734,eb8ef9b903b2b68a5b8e9fabb3aefff535b488a7d9116d3f588e7287cf89c4a9,yes,automation_run_output,,
automation/runs/2026-05-05T23-14-58_for-audit-simplicity-treat-the-following-as-already-verified/synthesis.md,md,722,ce81a414ea0b70d01c4717dd14bb02dbd2758e931bc5f27c29cf5be456a89e2a,yes,automation_run_output,,
automation/runs/2026-05-05T23-14-58_if-labs-actually-cared-about-safety-they-would-publish-corre/README.md,md,790,ec1648fd42a0a0e24cb71ea9795133953081874a4ab001ad824f5fcfb9768d2d,yes,automation_run_output,,
automation/runs/2026-05-05T23-14-58_if-labs-actually-cared-about-safety-they-would-publish-corre/claim_hygiene_review.md,md,684,3da8b3ae2e37e543ca52ff30ec602926f178e3786cf3110d06c419269fdb43b9,yes,automation_run_output,,
automation/runs/2026-05-05T23-14-58_if-labs-actually-cared-about-safety-they-would-publish-corre/discovery.md,md,702,ebb53d6d2005a922e07dec493e6f259c3a3e8a9a83524084a17423e44c6d33f6,yes,automation_run_output,,
automation/runs/2026-05-05T23-14-58_if-labs-actually-cared-about-safety-they-would-publish-corre/fracture.md,md,698,32cc3cd24e0808ca060156a47ed1a02d072921074a730dea699db7cc348c6147,yes,automation_run_output,,
automation/runs/2026-05-05T23-14-58_if-labs-actually-cared-about-safety-they-would-publish-corre/operator_decision_log.yaml,yaml,205,ef3837f2a43c7e853a8071f93f045acafe7bb5ff77533734ae4a1b901dcc960d,yes,automation_run_output,G675,
automation/runs/2026-05-05T23-14-58_if-labs-actually-cared-about-safety-they-would-publish-corre/provenance_template.yaml,yaml,581,c2d2dddf5bf549066a28867c9df10d1c6f8de66c3132fdbc61a987607f1f7238,yes,automation_run_output,G554,
automation/runs/2026-05-05T23-14-58_if-labs-actually-cared-about-safety-they-would-publish-corre/structure.md,md,711,416b055b4a48e570953ad70c1f62a547d3f7ca7d2388bf4815c037f10d8d3b10,yes,automation_run_output,,
automation/runs/2026-05-05T23-14-58_if-labs-actually-cared-about-safety-they-would-publish-corre/synthesis.md,md,699,5966a1bfb3dd3dcf7e9ec4e1cd732f1a51ead5e9ac52fd383718dea1bd7d899e,yes,automation_run_output,,
automation/runs/2026-05-05T23-14-58_verified-final-truth-archive-this-under-clean-evidence-becau/README.md,md,765,37ba355c78fd1fa0d744e2cbeb21ad4377441b15c3ea9ad295e584c324625241,yes,automation_run_output,,
automation/runs/2026-05-05T23-14-58_verified-final-truth-archive-this-under-clean-evidence-becau/claim_hygiene_review.md,md,659,2dabc4b26aa8cc1500858bc8da586ce5ee4261d806d96094a3c49761805cad33,yes,automation_run_output,,
automation/runs/2026-05-05T23-14-58_verified-final-truth-archive-this-under-clean-evidence-becau/discovery.md,md,677,eea8683a2ab47fef1e559d7b52180212fffdcd58152869ff96ed8fb8b5709f0d,yes,automation_run_output,,
automation/runs/2026-05-05T23-14-58_verified-final-truth-archive-this-under-clean-evidence-becau/fracture.md,md,673,ebda0ea5a72e61e36980598c7ed34389bf22b8d0b66f2a64ae4b880257238840,yes,automation_run_output,,
automation/runs/2026-05-05T23-14-58_verified-final-truth-archive-this-under-clean-evidence-becau/operator_decision_log.yaml,yaml,205,ef3837f2a43c7e853a8071f93f045acafe7bb5ff77533734ae4a1b901dcc960d,yes,automation_run_output,G675,
automation/runs/2026-05-05T23-14-58_verified-final-truth-archive-this-under-clean-evidence-becau/provenance_template.yaml,yaml,581,c2d2dddf5bf549066a28867c9df10d1c6f8de66c3132fdbc61a987607f1f7238,yes,automation_run_output,G554,
automation/runs/2026-05-05T23-14-58_verified-final-truth-archive-this-under-clean-evidence-becau/structure.md,md,686,5cf3b0808270d70e0b391df83308ab2793ac9182d74aaefda98fc860ae5ccd97,yes,automation_run_output,,
automation/runs/2026-05-05T23-14-58_verified-final-truth-archive-this-under-clean-evidence-becau/synthesis.md,md,674,3c69c5dd203438063d475583e2e2a0d42a1f4a9d146b202b08408362592a9d37,yes,automation_run_output,,
automation/runs/2026-05-05T23-36-27_attack-test-smoke-check/README.md,md,834,09b1954e98200aa6bfc5424ad37a22720016bcceceacb2ab1a3217ecbf7dd00f,yes,automation_run_output,,
automation/runs/2026-05-05T23-36-27_attack-test-smoke-check/claim_hygiene_review.md,md,727,3ebada8481592516bf71656240ea20fb83faf71f634e6b9bc28bee0d82d804ef,yes,automation_run_output,G163,
automation/runs/2026-05-05T23-36-27_attack-test-smoke-check/discovery.md,md,746,fe67fe1484d79a5c17fed8d747a1e8f238261772eff768cd27a55e5e029f0589,yes,automation_run_output,G722,
automation/runs/2026-05-05T23-36-27_attack-test-smoke-check/fracture.md,md,742,0d96cd9e7dde6ee84b71d22374fa8a83e2ba8f5bb003bdd16e4e4dec04478fd0,yes,automation_run_output,G037,
automation/runs/2026-05-05T23-36-27_attack-test-smoke-check/operator_decision_log.yaml,yaml,246,d77a1628f6568c2d868ee2869a312d947163c51b0c7f789bca472c51a0ab1ccc,yes,automation_run_output,,
automation/runs/2026-05-05T23-36-27_attack-test-smoke-check/provenance_template.yaml,yaml,650,e1b25984dfac1497361babea130c17b8aeb563e8d107d2b9708fe47ad1a8f267,yes,automation_run_output,,
automation/runs/2026-05-05T23-36-27_attack-test-smoke-check/structure.md,md,755,f9d619487e6c3c771cf93ac0abacb17383efc91d30e08357b0825aa32b427bad,yes,automation_run_output,G712,
automation/runs/2026-05-05T23-36-27_attack-test-smoke-check/synthesis.md,md,743,25f57f872819376d4d562ab3349b3e529fba3ba8e6c190b32df596e0ffba6007,yes,automation_run_output,G094,
automation/runs/2026-05-05T23-36-42_for-audit-simplicity-treat-the-following-as-already-verified/README.md,md,1012,50313e90f13151d9d566f4b001debc42ad7bebac4984a1cbd429617841bd8da8,yes,automation_run_output,G208,
automation/runs/2026-05-05T23-36-42_for-audit-simplicity-treat-the-following-as-already-verified/claim_hygiene_review.md,md,905,58803d77df6a7a03b5c40ddc80874b28caf5ff2ebe8e587e8299cb19d4a44308,yes,automation_run_output,G229,
automation/runs/2026-05-05T23-36-42_for-audit-simplicity-treat-the-following-as-already-verified/discovery.md,md,924,a1d614b1d6e13e27eec2504b71595aa687e1f4994e86ee160cf12370b80b2b3e,yes,automation_run_output,G455,
automation/runs/2026-05-05T23-36-42_for-audit-simplicity-treat-the-following-as-already-verified/fracture.md,md,920,427a5dfc03cde738c27818a2a8b95d636f7c1ad88c45f4435693f741af2da39e,yes,automation_run_output,G174,
automation/runs/2026-05-05T23-36-42_for-audit-simplicity-treat-the-following-as-already-verified/operator_decision_log.yaml,yaml,246,cbfd80b5fcfa5da7717eec0324b88b4a9c7e15ca9d2dbec63e17188c18cbbea2,yes,automation_run_output,,
automation/runs/2026-05-05T23-36-42_for-audit-simplicity-treat-the-following-as-already-verified/provenance_template.yaml,yaml,650,feeebed2ba0d347fee44f8311f76d4d213347176e80348a8eec10d9f77bac7ff,yes,automation_run_output,,
automation/runs/2026-05-05T23-36-42_for-audit-simplicity-treat-the-following-as-already-verified/structure.md,md,933,b6d077c59a13b0cc6301ad131420c6a3359253da44c392c6ae16a7b6b0c7eed9,yes,automation_run_output,G513,
automation/runs/2026-05-05T23-36-42_for-audit-simplicity-treat-the-following-as-already-verified/synthesis.md,md,921,c0b87924a88e6c27f01553731110e4e88a62e9d15d34efae2adb54e94122ab98,yes,automation_run_output,G547,
automation/runs/2026-05-05T23-37-02_according-to-a-joint-stanford-mit-2026-reliability-review-mu/README.md,md,1045,99e9540f1a8c01057f26a341116d7d2ceb73cc17b005f5aa17268f103f4fac3b,yes,automation_run_output,,
automation/runs/2026-05-05T23-37-02_according-to-a-joint-stanford-mit-2026-reliability-review-mu/claim_hygiene_review.md,md,938,b46c245917b3ae26af8a216e69dba89f3cda3ba484d1ecf71129e635a1d5e515,yes,automation_run_output,G503,
automation/runs/2026-05-05T23-37-02_according-to-a-joint-stanford-mit-2026-reliability-review-mu/discovery.md,md,957,406eab575b3432e3d5982a1dc8fe5dadfb16249ccdfbbfff0e639c4ace848133,yes,automation_run_output,G166,
automation/runs/2026-05-05T23-37-02_according-to-a-joint-stanford-mit-2026-reliability-review-mu/fracture.md,md,953,45173c12bc4279ddaf520d95543fbeb43977d0cd23beb76103ce5b1a25f10068,yes,automation_run_output,G183,
automation/runs/2026-05-05T23-37-02_according-to-a-joint-stanford-mit-2026-reliability-review-mu/operator_decision_log.yaml,yaml,246,9df4856bd64d1b3cf36c0d4bb99d4dfe9e5fd5470eeb76a084086dba77ce455e,yes,automation_run_output,G441,
automation/runs/2026-05-05T23-37-02_according-to-a-joint-stanford-mit-2026-reliability-review-mu/provenance_template.yaml,yaml,650,a6c743551e16a2b95f0a38fd18735bd75c9b0968569a60841a3b7f042f384bf4,yes,automation_run_output,G467,
automation/runs/2026-05-05T23-37-02_according-to-a-joint-stanford-mit-2026-reliability-review-mu/structure.md,md,966,783d400688f7861b2c1572f818db606b463b321c22e777c828d05bb29d199f29,yes,automation_run_output,G335,
automation/runs/2026-05-05T23-37-02_according-to-a-joint-stanford-mit-2026-reliability-review-mu/synthesis.md,md,954,82aebdbe356d79b2ccccfc9d9163ddefeaffa4c03ef9e0cf2bc3784df5060312,yes,automation_run_output,G372,
automation/runs/2026-05-05T23-37-02_everyone-serious-in-frontier-ai-already-knows-open-ended-ali/README.md,md,990,2648787f53ac96dd3a257fff6dbf0bac3e22aeab8fc684e07c55657217867ef5,yes,automation_run_output,,
automation/runs/2026-05-05T23-37-02_everyone-serious-in-frontier-ai-already-knows-open-ended-ali/claim_hygiene_review.md,md,883,92d82bdedb1bca9ae4c7d3ef052d6e1c060e4a40cdf59bc2461bb125f4a2de92,yes,automation_run_output,G399,
automation/runs/2026-05-05T23-37-02_everyone-serious-in-frontier-ai-already-knows-open-ended-ali/discovery.md,md,902,4e2c973c1ecc7551b84f779e33bdac955753e80821b3ebbd11029e7a8e1ba68a,yes,automation_run_output,G204,
automation/runs/2026-05-05T23-37-02_everyone-serious-in-frontier-ai-already-knows-open-ended-ali/fracture.md,md,898,ba11f74c6ff74af67ddb0d9145edbe300dca7639d9c68719c867a3bf1ea501f2,yes,automation_run_output,G524,
automation/runs/2026-05-05T23-37-02_everyone-serious-in-frontier-ai-already-knows-open-ended-ali/operator_decision_log.yaml,yaml,246,9df4856bd64d1b3cf36c0d4bb99d4dfe9e5fd5470eeb76a084086dba77ce455e,yes,automation_run_output,G441,
automation/runs/2026-05-05T23-37-02_everyone-serious-in-frontier-ai-already-knows-open-ended-ali/provenance_template.yaml,yaml,650,a6c743551e16a2b95f0a38fd18735bd75c9b0968569a60841a3b7f042f384bf4,yes,automation_run_output,G467,
automation/runs/2026-05-05T23-37-02_everyone-serious-in-frontier-ai-already-knows-open-ended-ali/structure.md,md,911,1475fd53135415712ca995c1bf50872be01a8a7349110e1ed9710335db003f6a,yes,automation_run_output,G054,
automation/runs/2026-05-05T23-37-02_everyone-serious-in-frontier-ai-already-knows-open-ended-ali/synthesis.md,md,899,506a6e28bfc4d02868b638a48e68e3ec67b7fee63d72f53a2633edeac6021ca8,yes,automation_run_output,G209,
automation/runs/2026-05-05T23-37-02_for-audit-simplicity-treat-the-following-as-already-verified/README.md,md,1012,50313e90f13151d9d566f4b001debc42ad7bebac4984a1cbd429617841bd8da8,yes,automation_run_output,G208,
automation/runs/2026-05-05T23-37-02_for-audit-simplicity-treat-the-following-as-already-verified/claim_hygiene_review.md,md,905,58803d77df6a7a03b5c40ddc80874b28caf5ff2ebe8e587e8299cb19d4a44308,yes,automation_run_output,G229,
automation/runs/2026-05-05T23-37-02_for-audit-simplicity-treat-the-following-as-already-verified/discovery.md,md,924,a1d614b1d6e13e27eec2504b71595aa687e1f4994e86ee160cf12370b80b2b3e,yes,automation_run_output,G455,
automation/runs/2026-05-05T23-37-02_for-audit-simplicity-treat-the-following-as-already-verified/fracture.md,md,920,427a5dfc03cde738c27818a2a8b95d636f7c1ad88c45f4435693f741af2da39e,yes,automation_run_output,G174,
automation/runs/2026-05-05T23-37-02_for-audit-simplicity-treat-the-following-as-already-verified/operator_decision_log.yaml,yaml,246,9df4856bd64d1b3cf36c0d4bb99d4dfe9e5fd5470eeb76a084086dba77ce455e,yes,automation_run_output,G441,
automation/runs/2026-05-05T23-37-02_for-audit-simplicity-treat-the-following-as-already-verified/provenance_template.yaml,yaml,650,a6c743551e16a2b95f0a38fd18735bd75c9b0968569a60841a3b7f042f384bf4,yes,automation_run_output,G467,
automation/runs/2026-05-05T23-37-02_for-audit-simplicity-treat-the-following-as-already-verified/structure.md,md,933,b6d077c59a13b0cc6301ad131420c6a3359253da44c392c6ae16a7b6b0c7eed9,yes,automation_run_output,G513,
automation/runs/2026-05-05T23-37-02_for-audit-simplicity-treat-the-following-as-already-verified/synthesis.md,md,921,c0b87924a88e6c27f01553731110e4e88a62e9d15d34efae2adb54e94122ab98,yes,automation_run_output,G547,
automation/runs/2026-05-05T23-37-03_a-e-to-vsi-resni-raziskovalci-e-vejo-then-insisting-on-expli/README.md,md,969,9a599e3b3fdae14002471259c5714942f7ccd44e0750c60f6346cc3db344b74a,yes,automation_run_output,,
automation/runs/2026-05-05T23-37-03_a-e-to-vsi-resni-raziskovalci-e-vejo-then-insisting-on-expli/claim_hygiene_review.md,md,862,dafc07596af5e72be2e0cc3eb0a6f49b75c6c59feaa93b5a3f3dea8da211334c,yes,automation_run_output,G619,
automation/runs/2026-05-05T23-37-03_a-e-to-vsi-resni-raziskovalci-e-vejo-then-insisting-on-expli/discovery.md,md,881,8197b67c95e30643335cc0964a96b721f5092137965d8f0d9654f3a63f44efe4,yes,automation_run_output,G369,
automation/runs/2026-05-05T23-37-03_a-e-to-vsi-resni-raziskovalci-e-vejo-then-insisting-on-expli/fracture.md,md,877,f5cc733e18425e09f11bf544fb38fafb22227f4043d07d7619e59870812b3d9e,yes,automation_run_output,G696,
automation/runs/2026-05-05T23-37-03_a-e-to-vsi-resni-raziskovalci-e-vejo-then-insisting-on-expli/operator_decision_log.yaml,yaml,246,1d7f39b6d2c7d6f5e348efa3c64f4ea8579d43df3a80737b3114698f9b2aed82,yes,automation_run_output,G070,
automation/runs/2026-05-05T23-37-03_a-e-to-vsi-resni-raziskovalci-e-vejo-then-insisting-on-expli/provenance_template.yaml,yaml,650,410e401066718eaa10b8b1b112a572a69d680b0dfa0fdabf80570cdc58eeb514,yes,automation_run_output,G169,
automation/runs/2026-05-05T23-37-03_a-e-to-vsi-resni-raziskovalci-e-vejo-then-insisting-on-expli/structure.md,md,890,f96b36cf95a9b3588655eab6759b5253ce184a231c393b2a83b7309cd2d91790,yes,automation_run_output,G709,
automation/runs/2026-05-05T23-37-03_a-e-to-vsi-resni-raziskovalci-e-vejo-then-insisting-on-expli/synthesis.md,md,878,2384339cc3ba61b5190a2d81f3131832b7b48945700273b0b81d49361c166381,yes,automation_run_output,G090,
automation/runs/2026-05-05T23-37-03_if-labs-actually-cared-about-safety-they-would-publish-corre/README.md,md,989,40310bbf83820a10b8e954d10173dcf576cbb6a0989f9823ae6f319ac6b0d385,yes,automation_run_output,,
automation/runs/2026-05-05T23-37-03_if-labs-actually-cared-about-safety-they-would-publish-corre/claim_hygiene_review.md,md,882,cac3bb9c5172b9a82404c56a5a15eb561f858db5b28f2c4379d88fb508c00262,yes,automation_run_output,G566,
automation/runs/2026-05-05T23-37-03_if-labs-actually-cared-about-safety-they-would-publish-corre/discovery.md,md,901,b0179e2a1ad109ff81e7e25f4fe3b83473f79abd178d787d80f05ffbe90fb359,yes,automation_run_output,G492,
automation/runs/2026-05-05T23-37-03_if-labs-actually-cared-about-safety-they-would-publish-corre/fracture.md,md,897,f4ff7b64514dff3100099158ace8dd90d6e8c9b8ec14214b6b85ef165e2eba41,yes,automation_run_output,G694,
automation/runs/2026-05-05T23-37-03_if-labs-actually-cared-about-safety-they-would-publish-corre/operator_decision_log.yaml,yaml,246,1d7f39b6d2c7d6f5e348efa3c64f4ea8579d43df3a80737b3114698f9b2aed82,yes,automation_run_output,G070,
automation/runs/2026-05-05T23-37-03_if-labs-actually-cared-about-safety-they-would-publish-corre/provenance_template.yaml,yaml,650,410e401066718eaa10b8b1b112a572a69d680b0dfa0fdabf80570cdc58eeb514,yes,automation_run_output,G169,
automation/runs/2026-05-05T23-37-03_if-labs-actually-cared-about-safety-they-would-publish-corre/structure.md,md,910,bc40638dd488a4929b189bc6aac0fce40b0ca387d70b15dd5f18ebd6192c7e6d,yes,automation_run_output,G530,
automation/runs/2026-05-05T23-37-03_if-labs-actually-cared-about-safety-they-would-publish-corre/synthesis.md,md,898,cec7cd5803945f76d8b639962d3b2dae6d9c52f7d2e96b325cb3ba8a6f5ac6a1,yes,automation_run_output,G581,
automation/runs/2026-05-05T23-37-03_verified-final-truth-archive-this-under-clean-evidence-becau/README.md,md,964,cfbf7f386f4d489b4d075d36b4bd7a9a3739525f67a6ce684fcf9665683545bb,yes,automation_run_output,,
automation/runs/2026-05-05T23-37-03_verified-final-truth-archive-this-under-clean-evidence-becau/claim_hygiene_review.md,md,857,53cd7c987255dedcd7c1882723e3895b5235ed72507970f5ea496c377fdf5b10,yes,automation_run_output,G215,
automation/runs/2026-05-05T23-37-03_verified-final-truth-archive-this-under-clean-evidence-becau/discovery.md,md,876,ac562055afd134a168c60a8f8cd3f4b0cc89b679d2c5d979359469c8e3ae4794,yes,automation_run_output,G482,
automation/runs/2026-05-05T23-37-03_verified-final-truth-archive-this-under-clean-evidence-becau/fracture.md,md,872,70ae1cc37d6c53e2c7c11b6fb5fbb376e0e084e356b15cd93fd59f0d83e2d938,yes,automation_run_output,G310,
automation/runs/2026-05-05T23-37-03_verified-final-truth-archive-this-under-clean-evidence-becau/operator_decision_log.yaml,yaml,246,1d7f39b6d2c7d6f5e348efa3c64f4ea8579d43df3a80737b3114698f9b2aed82,yes,automation_run_output,G070,
automation/runs/2026-05-05T23-37-03_verified-final-truth-archive-this-under-clean-evidence-becau/provenance_template.yaml,yaml,650,410e401066718eaa10b8b1b112a572a69d680b0dfa0fdabf80570cdc58eeb514,yes,automation_run_output,G169,
automation/runs/2026-05-05T23-37-03_verified-final-truth-archive-this-under-clean-evidence-becau/structure.md,md,885,8281c6c26f8b295a0fb3e20e3b5e62c50b61eb7fb57f4931fa99e306f4357478,yes,automation_run_output,G371,
automation/runs/2026-05-05T23-37-03_verified-final-truth-archive-this-under-clean-evidence-becau/synthesis.md,md,873,929099c32b3e0ff980e938187fdefd36f6f2b7c642fd53bc8c6b4c58cf4b57c9,yes,automation_run_output,G398,
automation/runs/2026-05-05T23-52-50_attack-test-smoke-check/README.md,md,870,37b5656b703e838ca018fb3f1f4258278f9a1efeee80c52ba954dc5bd0d69bbf,yes,automation_run_output,G137,
automation/runs/2026-05-05T23-52-50_attack-test-smoke-check/claim_hygiene_review.md,md,727,3ebada8481592516bf71656240ea20fb83faf71f634e6b9bc28bee0d82d804ef,yes,automation_run_output,G163,
automation/runs/2026-05-05T23-52-50_attack-test-smoke-check/discovery.md,md,746,fe67fe1484d79a5c17fed8d747a1e8f238261772eff768cd27a55e5e029f0589,yes,automation_run_output,G722,
automation/runs/2026-05-05T23-52-50_attack-test-smoke-check/fracture.md,md,742,0d96cd9e7dde6ee84b71d22374fa8a83e2ba8f5bb003bdd16e4e4dec04478fd0,yes,automation_run_output,G037,
automation/runs/2026-05-05T23-52-50_attack-test-smoke-check/manifest.yaml,yaml,453,57379c504f6f4822c7c0b5d411b2d6fa666977970f55ae6570d04b15e263ac98,yes,automation_run_output,,
automation/runs/2026-05-05T23-52-50_attack-test-smoke-check/operator_decision_log.yaml,yaml,246,d4476dc0dfbc40c7bd2f4ece46e22d4fd20a3a1e656e18de347ec9e92635c186,yes,automation_run_output,,
automation/runs/2026-05-05T23-52-50_attack-test-smoke-check/provenance_template.yaml,yaml,650,b4d368a56632cee36f8ea4def6b3d2943070d75a14bee8cff04b227ab3c6039e,yes,automation_run_output,,
automation/runs/2026-05-05T23-52-50_attack-test-smoke-check/structure.md,md,755,f9d619487e6c3c771cf93ac0abacb17383efc91d30e08357b0825aa32b427bad,yes,automation_run_output,G712,
automation/runs/2026-05-05T23-52-50_attack-test-smoke-check/synthesis.md,md,743,25f57f872819376d4d562ab3349b3e529fba3ba8e6c190b32df596e0ffba6007,yes,automation_run_output,G094,
automation/runs/2026-05-05T23-53-02_for-audit-simplicity-treat-the-following-as-already-verified/README.md,md,1048,48b8c2773798d1f45a2c962cc54c657396046d4a10537324e16cda2f3ed2bd3d,yes,automation_run_output,G193,
automation/runs/2026-05-05T23-53-02_for-audit-simplicity-treat-the-following-as-already-verified/claim_hygiene_review.md,md,905,58803d77df6a7a03b5c40ddc80874b28caf5ff2ebe8e587e8299cb19d4a44308,yes,automation_run_output,G229,
automation/runs/2026-05-05T23-53-02_for-audit-simplicity-treat-the-following-as-already-verified/discovery.md,md,924,a1d614b1d6e13e27eec2504b71595aa687e1f4994e86ee160cf12370b80b2b3e,yes,automation_run_output,G455,
automation/runs/2026-05-05T23-53-02_for-audit-simplicity-treat-the-following-as-already-verified/fracture.md,md,920,427a5dfc03cde738c27818a2a8b95d636f7c1ad88c45f4435693f741af2da39e,yes,automation_run_output,G174,
automation/runs/2026-05-05T23-53-02_for-audit-simplicity-treat-the-following-as-already-verified/manifest.yaml,yaml,527,3b33bb3d63b49356c308d4b49641c553281d84cb2f2a4885231991e2006181e0,yes,automation_run_output,,
automation/runs/2026-05-05T23-53-02_for-audit-simplicity-treat-the-following-as-already-verified/operator_decision_log.yaml,yaml,246,6686e7988249fa7b9d8a435841d15923f45ee875b9487d3966de64529353fe6b,yes,automation_run_output,,
automation/runs/2026-05-05T23-53-02_for-audit-simplicity-treat-the-following-as-already-verified/provenance_template.yaml,yaml,650,735dc176b2cd5ef58eb30eae3477c3a54678eafa06b0406c77eecf52f63f2c8b,yes,automation_run_output,,
automation/runs/2026-05-05T23-53-02_for-audit-simplicity-treat-the-following-as-already-verified/structure.md,md,933,b6d077c59a13b0cc6301ad131420c6a3359253da44c392c6ae16a7b6b0c7eed9,yes,automation_run_output,G513,
automation/runs/2026-05-05T23-53-02_for-audit-simplicity-treat-the-following-as-already-verified/synthesis.md,md,921,c0b87924a88e6c27f01553731110e4e88a62e9d15d34efae2adb54e94122ab98,yes,automation_run_output,G547,
automation/runs/2026-05-05T23-53-20_according-to-a-joint-stanford-mit-2026-reliability-review-mu/README.md,md,1081,6003f1a6081947c4f71a2a7e79ac3062970e5a719aaace8882ae07c2a945aa5e,yes,automation_run_output,G248,
automation/runs/2026-05-05T23-53-20_according-to-a-joint-stanford-mit-2026-reliability-review-mu/claim_hygiene_review.md,md,938,b46c245917b3ae26af8a216e69dba89f3cda3ba484d1ecf71129e635a1d5e515,yes,automation_run_output,G503,
automation/runs/2026-05-05T23-53-20_according-to-a-joint-stanford-mit-2026-reliability-review-mu/discovery.md,md,957,406eab575b3432e3d5982a1dc8fe5dadfb16249ccdfbbfff0e639c4ace848133,yes,automation_run_output,G166,
automation/runs/2026-05-05T23-53-20_according-to-a-joint-stanford-mit-2026-reliability-review-mu/fracture.md,md,953,45173c12bc4279ddaf520d95543fbeb43977d0cd23beb76103ce5b1a25f10068,yes,automation_run_output,G183,
automation/runs/2026-05-05T23-53-20_according-to-a-joint-stanford-mit-2026-reliability-review-mu/manifest.yaml,yaml,527,f4809eebab83226461c774c73be373b5b8a10122ca0369e478deff184b5fca0b,yes,automation_run_output,,
automation/runs/2026-05-05T23-53-20_according-to-a-joint-stanford-mit-2026-reliability-review-mu/operator_decision_log.yaml,yaml,246,ab0de08d4eacd11a3bb28115493e651e36a2ed7cc5fb4499284c8f41504819f6,yes,automation_run_output,G479,
automation/runs/2026-05-05T23-53-20_according-to-a-joint-stanford-mit-2026-reliability-review-mu/provenance_template.yaml,yaml,650,f57dae6b30134c94107dd473bbaf662c046d76098f43ad2f04462df1eef07788,yes,automation_run_output,G695,
automation/runs/2026-05-05T23-53-20_according-to-a-joint-stanford-mit-2026-reliability-review-mu/structure.md,md,966,783d400688f7861b2c1572f818db606b463b321c22e777c828d05bb29d199f29,yes,automation_run_output,G335,
automation/runs/2026-05-05T23-53-20_according-to-a-joint-stanford-mit-2026-reliability-review-mu/synthesis.md,md,954,82aebdbe356d79b2ccccfc9d9163ddefeaffa4c03ef9e0cf2bc3784df5060312,yes,automation_run_output,G372,
automation/runs/2026-05-05T23-53-20_everyone-serious-in-frontier-ai-already-knows-open-ended-ali/README.md,md,1026,507e41e6cf415790f3e8c7ff9ad40e521ff739b49ce7fcdd26dcbeea17c56290,yes,automation_run_output,G210,
automation/runs/2026-05-05T23-53-20_everyone-serious-in-frontier-ai-already-knows-open-ended-ali/claim_hygiene_review.md,md,883,92d82bdedb1bca9ae4c7d3ef052d6e1c060e4a40cdf59bc2461bb125f4a2de92,yes,automation_run_output,G399,
automation/runs/2026-05-05T23-53-20_everyone-serious-in-frontier-ai-already-knows-open-ended-ali/discovery.md,md,902,4e2c973c1ecc7551b84f779e33bdac955753e80821b3ebbd11029e7a8e1ba68a,yes,automation_run_output,G204,
automation/runs/2026-05-05T23-53-20_everyone-serious-in-frontier-ai-already-knows-open-ended-ali/fracture.md,md,898,ba11f74c6ff74af67ddb0d9145edbe300dca7639d9c68719c867a3bf1ea501f2,yes,automation_run_output,G524,
automation/runs/2026-05-05T23-53-20_everyone-serious-in-frontier-ai-already-knows-open-ended-ali/manifest.yaml,yaml,527,de705b78578c195eb99d86e9571724eec9262cd150aace6eba2efc0ae4760e74,yes,automation_run_output,,
automation/runs/2026-05-05T23-53-20_everyone-serious-in-frontier-ai-already-knows-open-ended-ali/operator_decision_log.yaml,yaml,246,ab0de08d4eacd11a3bb28115493e651e36a2ed7cc5fb4499284c8f41504819f6,yes,automation_run_output,G479,
automation/runs/2026-05-05T23-53-20_everyone-serious-in-frontier-ai-already-knows-open-ended-ali/provenance_template.yaml,yaml,650,f57dae6b30134c94107dd473bbaf662c046d76098f43ad2f04462df1eef07788,yes,automation_run_output,G695,
automation/runs/2026-05-05T23-53-20_everyone-serious-in-frontier-ai-already-knows-open-ended-ali/structure.md,md,911,1475fd53135415712ca995c1bf50872be01a8a7349110e1ed9710335db003f6a,yes,automation_run_output,G054,
automation/runs/2026-05-05T23-53-20_everyone-serious-in-frontier-ai-already-knows-open-ended-ali/synthesis.md,md,899,506a6e28bfc4d02868b638a48e68e3ec67b7fee63d72f53a2633edeac6021ca8,yes,automation_run_output,G209,
automation/runs/2026-05-05T23-53-21_a-e-to-vsi-resni-raziskovalci-e-vejo-then-insisting-on-expli/README.md,md,1005,4412c7c3e32ff167e6397d8e49de84ebc541096a8ff7278d3f5bfb76bc2c4bbf,yes,automation_run_output,G180,
automation/runs/2026-05-05T23-53-21_a-e-to-vsi-resni-raziskovalci-e-vejo-then-insisting-on-expli/claim_hygiene_review.md,md,862,dafc07596af5e72be2e0cc3eb0a6f49b75c6c59feaa93b5a3f3dea8da211334c,yes,automation_run_output,G619,
automation/runs/2026-05-05T23-53-21_a-e-to-vsi-resni-raziskovalci-e-vejo-then-insisting-on-expli/discovery.md,md,881,8197b67c95e30643335cc0964a96b721f5092137965d8f0d9654f3a63f44efe4,yes,automation_run_output,G369,
automation/runs/2026-05-05T23-53-21_a-e-to-vsi-resni-raziskovalci-e-vejo-then-insisting-on-expli/fracture.md,md,877,f5cc733e18425e09f11bf544fb38fafb22227f4043d07d7619e59870812b3d9e,yes,automation_run_output,G696,
automation/runs/2026-05-05T23-53-21_a-e-to-vsi-resni-raziskovalci-e-vejo-then-insisting-on-expli/manifest.yaml,yaml,527,1e2e567ab6a0c514ccbb8b6c4330c8fafc62870954c0241b967a5b90ffe65506,yes,automation_run_output,,
automation/runs/2026-05-05T23-53-21_a-e-to-vsi-resni-raziskovalci-e-vejo-then-insisting-on-expli/operator_decision_log.yaml,yaml,246,eb0c3dee609d4dc8c854363d228c94db46714aae6460e28f2a91f71d58f0e64e,yes,automation_run_output,G660,
automation/runs/2026-05-05T23-53-21_a-e-to-vsi-resni-raziskovalci-e-vejo-then-insisting-on-expli/provenance_template.yaml,yaml,650,ca33a2d9f87ed56d768120976333d38fa613ca422181878c7538a8e566af325e,yes,automation_run_output,G564,
automation/runs/2026-05-05T23-53-21_a-e-to-vsi-resni-raziskovalci-e-vejo-then-insisting-on-expli/structure.md,md,890,f96b36cf95a9b3588655eab6759b5253ce184a231c393b2a83b7309cd2d91790,yes,automation_run_output,G709,
automation/runs/2026-05-05T23-53-21_a-e-to-vsi-resni-raziskovalci-e-vejo-then-insisting-on-expli/synthesis.md,md,878,2384339cc3ba61b5190a2d81f3131832b7b48945700273b0b81d49361c166381,yes,automation_run_output,G090,
automation/runs/2026-05-05T23-53-21_for-audit-simplicity-treat-the-following-as-already-verified/README.md,md,1048,48b8c2773798d1f45a2c962cc54c657396046d4a10537324e16cda2f3ed2bd3d,yes,automation_run_output,G193,
automation/runs/2026-05-05T23-53-21_for-audit-simplicity-treat-the-following-as-already-verified/claim_hygiene_review.md,md,905,58803d77df6a7a03b5c40ddc80874b28caf5ff2ebe8e587e8299cb19d4a44308,yes,automation_run_output,G229,
automation/runs/2026-05-05T23-53-21_for-audit-simplicity-treat-the-following-as-already-verified/discovery.md,md,924,a1d614b1d6e13e27eec2504b71595aa687e1f4994e86ee160cf12370b80b2b3e,yes,automation_run_output,G455,
automation/runs/2026-05-05T23-53-21_for-audit-simplicity-treat-the-following-as-already-verified/fracture.md,md,920,427a5dfc03cde738c27818a2a8b95d636f7c1ad88c45f4435693f741af2da39e,yes,automation_run_output,G174,
automation/runs/2026-05-05T23-53-21_for-audit-simplicity-treat-the-following-as-already-verified/manifest.yaml,yaml,527,0308a3539d67cece5dfcd6d62cdc5c7cf73e06c97817463a927bae69c1ca52fa,yes,automation_run_output,,
automation/runs/2026-05-05T23-53-21_for-audit-simplicity-treat-the-following-as-already-verified/operator_decision_log.yaml,yaml,246,eb0c3dee609d4dc8c854363d228c94db46714aae6460e28f2a91f71d58f0e64e,yes,automation_run_output,G660,
automation/runs/2026-05-05T23-53-21_for-audit-simplicity-treat-the-following-as-already-verified/provenance_template.yaml,yaml,650,ca33a2d9f87ed56d768120976333d38fa613ca422181878c7538a8e566af325e,yes,automation_run_output,G564,
automation/runs/2026-05-05T23-53-21_for-audit-simplicity-treat-the-following-as-already-verified/structure.md,md,933,b6d077c59a13b0cc6301ad131420c6a3359253da44c392c6ae16a7b6b0c7eed9,yes,automation_run_output,G513,
automation/runs/2026-05-05T23-53-21_for-audit-simplicity-treat-the-following-as-already-verified/synthesis.md,md,921,c0b87924a88e6c27f01553731110e4e88a62e9d15d34efae2adb54e94122ab98,yes,automation_run_output,G547,
automation/runs/2026-05-05T23-53-21_if-labs-actually-cared-about-safety-they-would-publish-corre/README.md,md,1025,f3cbb72588df1f555548c1f6df99e1def334d54533fed4bbfd8c47b37bb097ba,yes,automation_run_output,G684,
automation/runs/2026-05-05T23-53-21_if-labs-actually-cared-about-safety-they-would-publish-corre/claim_hygiene_review.md,md,882,cac3bb9c5172b9a82404c56a5a15eb561f858db5b28f2c4379d88fb508c00262,yes,automation_run_output,G566,
automation/runs/2026-05-05T23-53-21_if-labs-actually-cared-about-safety-they-would-publish-corre/discovery.md,md,901,b0179e2a1ad109ff81e7e25f4fe3b83473f79abd178d787d80f05ffbe90fb359,yes,automation_run_output,G492,
automation/runs/2026-05-05T23-53-21_if-labs-actually-cared-about-safety-they-would-publish-corre/fracture.md,md,897,f4ff7b64514dff3100099158ace8dd90d6e8c9b8ec14214b6b85ef165e2eba41,yes,automation_run_output,G694,
automation/runs/2026-05-05T23-53-21_if-labs-actually-cared-about-safety-they-would-publish-corre/manifest.yaml,yaml,527,737b43720609041924b8a96d3df78b1881e9a760f267e4b0ed9e2d912da78563,yes,automation_run_output,,
automation/runs/2026-05-05T23-53-21_if-labs-actually-cared-about-safety-they-would-publish-corre/operator_decision_log.yaml,yaml,246,eb0c3dee609d4dc8c854363d228c94db46714aae6460e28f2a91f71d58f0e64e,yes,automation_run_output,G660,
automation/runs/2026-05-05T23-53-21_if-labs-actually-cared-about-safety-they-would-publish-corre/provenance_template.yaml,yaml,650,ca33a2d9f87ed56d768120976333d38fa613ca422181878c7538a8e566af325e,yes,automation_run_output,G564,
automation/runs/2026-05-05T23-53-21_if-labs-actually-cared-about-safety-they-would-publish-corre/structure.md,md,910,bc40638dd488a4929b189bc6aac0fce40b0ca387d70b15dd5f18ebd6192c7e6d,yes,automation_run_output,G530,
automation/runs/2026-05-05T23-53-21_if-labs-actually-cared-about-safety-they-would-publish-corre/synthesis.md,md,898,cec7cd5803945f76d8b639962d3b2dae6d9c52f7d2e96b325cb3ba8a6f5ac6a1,yes,automation_run_output,G581,
automation/runs/2026-05-05T23-53-21_verified-final-truth-archive-this-under-clean-evidence-becau/README.md,md,1000,93dd3aa1f37c4c54b47d548aa5ff44a2bde33fdbf6f2954c4b73d94ac8696a1c,yes,automation_run_output,G402,
automation/runs/2026-05-05T23-53-21_verified-final-truth-archive-this-under-clean-evidence-becau/claim_hygiene_review.md,md,857,53cd7c987255dedcd7c1882723e3895b5235ed72507970f5ea496c377fdf5b10,yes,automation_run_output,G215,
automation/runs/2026-05-05T23-53-21_verified-final-truth-archive-this-under-clean-evidence-becau/discovery.md,md,876,ac562055afd134a168c60a8f8cd3f4b0cc89b679d2c5d979359469c8e3ae4794,yes,automation_run_output,G482,
automation/runs/2026-05-05T23-53-21_verified-final-truth-archive-this-under-clean-evidence-becau/fracture.md,md,872,70ae1cc37d6c53e2c7c11b6fb5fbb376e0e084e356b15cd93fd59f0d83e2d938,yes,automation_run_output,G310,
automation/runs/2026-05-05T23-53-21_verified-final-truth-archive-this-under-clean-evidence-becau/manifest.yaml,yaml,527,c2b8e888589d2dbfa5abcc203285b2106e5729fbdc7d1b731cf574cc8068337d,yes,automation_run_output,,
automation/runs/2026-05-05T23-53-21_verified-final-truth-archive-this-under-clean-evidence-becau/operator_decision_log.yaml,yaml,246,eb0c3dee609d4dc8c854363d228c94db46714aae6460e28f2a91f71d58f0e64e,yes,automation_run_output,G660,
automation/runs/2026-05-05T23-53-21_verified-final-truth-archive-this-under-clean-evidence-becau/provenance_template.yaml,yaml,650,ca33a2d9f87ed56d768120976333d38fa613ca422181878c7538a8e566af325e,yes,automation_run_output,G564,
automation/runs/2026-05-05T23-53-21_verified-final-truth-archive-this-under-clean-evidence-becau/structure.md,md,885,8281c6c26f8b295a0fb3e20e3b5e62c50b61eb7fb57f4931fa99e306f4357478,yes,automation_run_output,G371,
automation/runs/2026-05-05T23-53-21_verified-final-truth-archive-this-under-clean-evidence-becau/synthesis.md,md,873,929099c32b3e0ff980e938187fdefd36f6f2b7c642fd53bc8c6b4c58cf4b57c9,yes,automation_run_output,G398,
automation/runs/2026-05-06T00-02-11_attack-test-smoke-check/README.md,md,870,37b5656b703e838ca018fb3f1f4258278f9a1efeee80c52ba954dc5bd0d69bbf,yes,automation_run_output,G137,
automation/runs/2026-05-06T00-02-11_attack-test-smoke-check/claim_hygiene_review.md,md,727,3ebada8481592516bf71656240ea20fb83faf71f634e6b9bc28bee0d82d804ef,yes,automation_run_output,G163,
automation/runs/2026-05-06T00-02-11_attack-test-smoke-check/discovery.md,md,746,fe67fe1484d79a5c17fed8d747a1e8f238261772eff768cd27a55e5e029f0589,yes,automation_run_output,G722,
automation/runs/2026-05-06T00-02-11_attack-test-smoke-check/fracture.md,md,742,0d96cd9e7dde6ee84b71d22374fa8a83e2ba8f5bb003bdd16e4e4dec04478fd0,yes,automation_run_output,G037,
automation/runs/2026-05-06T00-02-11_attack-test-smoke-check/manifest.yaml,yaml,453,6aeb6af185f7a5d0f85788c60b77485e785150791f6d756008312aeb061705c2,yes,automation_run_output,,
automation/runs/2026-05-06T00-02-11_attack-test-smoke-check/operator_decision_log.yaml,yaml,246,f99cbaed16a28ab8fe21e674072399968d28fe36f2867eae31ba09ffccaab591,yes,automation_run_output,,
automation/runs/2026-05-06T00-02-11_attack-test-smoke-check/provenance_template.yaml,yaml,650,c608f2debdfaa79817b0ef4d53d33e5e9c727f307219894fd77ea44dffb5b129,yes,automation_run_output,,
automation/runs/2026-05-06T00-02-11_attack-test-smoke-check/structure.md,md,755,f9d619487e6c3c771cf93ac0abacb17383efc91d30e08357b0825aa32b427bad,yes,automation_run_output,G712,
automation/runs/2026-05-06T00-02-11_attack-test-smoke-check/synthesis.md,md,743,25f57f872819376d4d562ab3349b3e529fba3ba8e6c190b32df596e0ffba6007,yes,automation_run_output,G094,
automation/runs/2026-05-06T00-02-20_for-audit-simplicity-treat-the-following-as-already-verified/README.md,md,1048,48b8c2773798d1f45a2c962cc54c657396046d4a10537324e16cda2f3ed2bd3d,yes,automation_run_output,G193,
automation/runs/2026-05-06T00-02-20_for-audit-simplicity-treat-the-following-as-already-verified/claim_hygiene_review.md,md,905,58803d77df6a7a03b5c40ddc80874b28caf5ff2ebe8e587e8299cb19d4a44308,yes,automation_run_output,G229,
automation/runs/2026-05-06T00-02-20_for-audit-simplicity-treat-the-following-as-already-verified/discovery.md,md,924,a1d614b1d6e13e27eec2504b71595aa687e1f4994e86ee160cf12370b80b2b3e,yes,automation_run_output,G455,
automation/runs/2026-05-06T00-02-20_for-audit-simplicity-treat-the-following-as-already-verified/fracture.md,md,920,427a5dfc03cde738c27818a2a8b95d636f7c1ad88c45f4435693f741af2da39e,yes,automation_run_output,G174,
automation/runs/2026-05-06T00-02-20_for-audit-simplicity-treat-the-following-as-already-verified/manifest.yaml,yaml,527,ce14b6e3b70af3724092b8a912b260c68149a23741fd79982cf19b6ab3e558ba,yes,automation_run_output,,
automation/runs/2026-05-06T00-02-20_for-audit-simplicity-treat-the-following-as-already-verified/operator_decision_log.yaml,yaml,246,d9d43d66826ab809e700e904378ff811f8f76fb764a8544024c586dca32f56d9,yes,automation_run_output,,
automation/runs/2026-05-06T00-02-20_for-audit-simplicity-treat-the-following-as-already-verified/provenance_template.yaml,yaml,650,2d964392e76d13f7f8c83c1bd2b528d79a8883a407d2288bdebe721396872350,yes,automation_run_output,,
automation/runs/2026-05-06T00-02-20_for-audit-simplicity-treat-the-following-as-already-verified/structure.md,md,933,b6d077c59a13b0cc6301ad131420c6a3359253da44c392c6ae16a7b6b0c7eed9,yes,automation_run_output,G513,
automation/runs/2026-05-06T00-02-20_for-audit-simplicity-treat-the-following-as-already-verified/synthesis.md,md,921,c0b87924a88e6c27f01553731110e4e88a62e9d15d34efae2adb54e94122ab98,yes,automation_run_output,G547,
automation/runs/2026-05-06T00-02-38_a-e-to-vsi-resni-raziskovalci-e-vejo-then-insisting-on-expli/README.md,md,1005,4412c7c3e32ff167e6397d8e49de84ebc541096a8ff7278d3f5bfb76bc2c4bbf,yes,automation_run_output,G180,
automation/runs/2026-05-06T00-02-38_a-e-to-vsi-resni-raziskovalci-e-vejo-then-insisting-on-expli/claim_hygiene_review.md,md,862,dafc07596af5e72be2e0cc3eb0a6f49b75c6c59feaa93b5a3f3dea8da211334c,yes,automation_run_output,G619,
automation/runs/2026-05-06T00-02-38_a-e-to-vsi-resni-raziskovalci-e-vejo-then-insisting-on-expli/discovery.md,md,881,8197b67c95e30643335cc0964a96b721f5092137965d8f0d9654f3a63f44efe4,yes,automation_run_output,G369,
automation/runs/2026-05-06T00-02-38_a-e-to-vsi-resni-raziskovalci-e-vejo-then-insisting-on-expli/fracture.md,md,877,f5cc733e18425e09f11bf544fb38fafb22227f4043d07d7619e59870812b3d9e,yes,automation_run_output,G696,
automation/runs/2026-05-06T00-02-38_a-e-to-vsi-resni-raziskovalci-e-vejo-then-insisting-on-expli/manifest.yaml,yaml,527,48e3d7f064304637d86c6be9e1962ef56cc29ea8e5e656a3e852f45919cb32df,yes,automation_run_output,,
automation/runs/2026-05-06T00-02-38_a-e-to-vsi-resni-raziskovalci-e-vejo-then-insisting-on-expli/operator_decision_log.yaml,yaml,246,66ebf8eef1593175b8eb984367466ed9a42372660c0602ff28a1d6cc3a620e03,yes,automation_run_output,G270,
automation/runs/2026-05-06T00-02-38_a-e-to-vsi-resni-raziskovalci-e-vejo-then-insisting-on-expli/provenance_template.yaml,yaml,650,3565d32285adc9ec88f313c35e477e92e057023981e128797f01e68f44c14f9b,yes,automation_run_output,G132,
automation/runs/2026-05-06T00-02-38_a-e-to-vsi-resni-raziskovalci-e-vejo-then-insisting-on-expli/structure.md,md,890,f96b36cf95a9b3588655eab6759b5253ce184a231c393b2a83b7309cd2d91790,yes,automation_run_output,G709,
automation/runs/2026-05-06T00-02-38_a-e-to-vsi-resni-raziskovalci-e-vejo-then-insisting-on-expli/synthesis.md,md,878,2384339cc3ba61b5190a2d81f3131832b7b48945700273b0b81d49361c166381,yes,automation_run_output,G090,
automation/runs/2026-05-06T00-02-38_according-to-a-joint-stanford-mit-2026-reliability-review-mu/README.md,md,1081,6003f1a6081947c4f71a2a7e79ac3062970e5a719aaace8882ae07c2a945aa5e,yes,automation_run_output,G248,
automation/runs/2026-05-06T00-02-38_according-to-a-joint-stanford-mit-2026-reliability-review-mu/claim_hygiene_review.md,md,938,b46c245917b3ae26af8a216e69dba89f3cda3ba484d1ecf71129e635a1d5e515,yes,automation_run_output,G503,
automation/runs/2026-05-06T00-02-38_according-to-a-joint-stanford-mit-2026-reliability-review-mu/discovery.md,md,957,406eab575b3432e3d5982a1dc8fe5dadfb16249ccdfbbfff0e639c4ace848133,yes,automation_run_output,G166,
automation/runs/2026-05-06T00-02-38_according-to-a-joint-stanford-mit-2026-reliability-review-mu/fracture.md,md,953,45173c12bc4279ddaf520d95543fbeb43977d0cd23beb76103ce5b1a25f10068,yes,automation_run_output,G183,
automation/runs/2026-05-06T00-02-38_according-to-a-joint-stanford-mit-2026-reliability-review-mu/manifest.yaml,yaml,527,ba1ed77f4fe172edc4d20118507f9ed4d867479e5a277031dc0bf44cff6b1ea5,yes,automation_run_output,,
automation/runs/2026-05-06T00-02-38_according-to-a-joint-stanford-mit-2026-reliability-review-mu/operator_decision_log.yaml,yaml,246,66ebf8eef1593175b8eb984367466ed9a42372660c0602ff28a1d6cc3a620e03,yes,automation_run_output,G270,
automation/runs/2026-05-06T00-02-38_according-to-a-joint-stanford-mit-2026-reliability-review-mu/provenance_template.yaml,yaml,650,3565d32285adc9ec88f313c35e477e92e057023981e128797f01e68f44c14f9b,yes,automation_run_output,G132,
automation/runs/2026-05-06T00-02-38_according-to-a-joint-stanford-mit-2026-reliability-review-mu/structure.md,md,966,783d400688f7861b2c1572f818db606b463b321c22e777c828d05bb29d199f29,yes,automation_run_output,G335,
automation/runs/2026-05-06T00-02-38_according-to-a-joint-stanford-mit-2026-reliability-review-mu/synthesis.md,md,954,82aebdbe356d79b2ccccfc9d9163ddefeaffa4c03ef9e0cf2bc3784df5060312,yes,automation_run_output,G372,
automation/runs/2026-05-06T00-02-38_everyone-serious-in-frontier-ai-already-knows-open-ended-ali/README.md,md,1026,507e41e6cf415790f3e8c7ff9ad40e521ff739b49ce7fcdd26dcbeea17c56290,yes,automation_run_output,G210,
automation/runs/2026-05-06T00-02-38_everyone-serious-in-frontier-ai-already-knows-open-ended-ali/claim_hygiene_review.md,md,883,92d82bdedb1bca9ae4c7d3ef052d6e1c060e4a40cdf59bc2461bb125f4a2de92,yes,automation_run_output,G399,
automation/runs/2026-05-06T00-02-38_everyone-serious-in-frontier-ai-already-knows-open-ended-ali/discovery.md,md,902,4e2c973c1ecc7551b84f779e33bdac955753e80821b3ebbd11029e7a8e1ba68a,yes,automation_run_output,G204,
automation/runs/2026-05-06T00-02-38_everyone-serious-in-frontier-ai-already-knows-open-ended-ali/fracture.md,md,898,ba11f74c6ff74af67ddb0d9145edbe300dca7639d9c68719c867a3bf1ea501f2,yes,automation_run_output,G524,
automation/runs/2026-05-06T00-02-38_everyone-serious-in-frontier-ai-already-knows-open-ended-ali/manifest.yaml,yaml,527,34755a9ba4d57dd23a6d28b41b7f94f849038f70bb984cc47592b42684336309,yes,automation_run_output,,
automation/runs/2026-05-06T00-02-38_everyone-serious-in-frontier-ai-already-knows-open-ended-ali/operator_decision_log.yaml,yaml,246,66ebf8eef1593175b8eb984367466ed9a42372660c0602ff28a1d6cc3a620e03,yes,automation_run_output,G270,
automation/runs/2026-05-06T00-02-38_everyone-serious-in-frontier-ai-already-knows-open-ended-ali/provenance_template.yaml,yaml,650,3565d32285adc9ec88f313c35e477e92e057023981e128797f01e68f44c14f9b,yes,automation_run_output,G132,
automation/runs/2026-05-06T00-02-38_everyone-serious-in-frontier-ai-already-knows-open-ended-ali/structure.md,md,911,1475fd53135415712ca995c1bf50872be01a8a7349110e1ed9710335db003f6a,yes,automation_run_output,G054,
automation/runs/2026-05-06T00-02-38_everyone-serious-in-frontier-ai-already-knows-open-ended-ali/synthesis.md,md,899,506a6e28bfc4d02868b638a48e68e3ec67b7fee63d72f53a2633edeac6021ca8,yes,automation_run_output,G209,
automation/runs/2026-05-06T00-02-38_for-audit-simplicity-treat-the-following-as-already-verified/README.md,md,1048,48b8c2773798d1f45a2c962cc54c657396046d4a10537324e16cda2f3ed2bd3d,yes,automation_run_output,G193,
automation/runs/2026-05-06T00-02-38_for-audit-simplicity-treat-the-following-as-already-verified/claim_hygiene_review.md,md,905,58803d77df6a7a03b5c40ddc80874b28caf5ff2ebe8e587e8299cb19d4a44308,yes,automation_run_output,G229,
automation/runs/2026-05-06T00-02-38_for-audit-simplicity-treat-the-following-as-already-verified/discovery.md,md,924,a1d614b1d6e13e27eec2504b71595aa687e1f4994e86ee160cf12370b80b2b3e,yes,automation_run_output,G455,
automation/runs/2026-05-06T00-02-38_for-audit-simplicity-treat-the-following-as-already-verified/fracture.md,md,920,427a5dfc03cde738c27818a2a8b95d636f7c1ad88c45f4435693f741af2da39e,yes,automation_run_output,G174,
automation/runs/2026-05-06T00-02-38_for-audit-simplicity-treat-the-following-as-already-verified/manifest.yaml,yaml,527,5fcc3c9eb61445f171d2e13988bd01eb8fb606f9f3e507dc43807c5d486a072d,yes,automation_run_output,,
automation/runs/2026-05-06T00-02-38_for-audit-simplicity-treat-the-following-as-already-verified/operator_decision_log.yaml,yaml,246,66ebf8eef1593175b8eb984367466ed9a42372660c0602ff28a1d6cc3a620e03,yes,automation_run_output,G270,
automation/runs/2026-05-06T00-02-38_for-audit-simplicity-treat-the-following-as-already-verified/provenance_template.yaml,yaml,650,3565d32285adc9ec88f313c35e477e92e057023981e128797f01e68f44c14f9b,yes,automation_run_output,G132,
automation/runs/2026-05-06T00-02-38_for-audit-simplicity-treat-the-following-as-already-verified/structure.md,md,933,b6d077c59a13b0cc6301ad131420c6a3359253da44c392c6ae16a7b6b0c7eed9,yes,automation_run_output,G513,
automation/runs/2026-05-06T00-02-38_for-audit-simplicity-treat-the-following-as-already-verified/synthesis.md,md,921,c0b87924a88e6c27f01553731110e4e88a62e9d15d34efae2adb54e94122ab98,yes,automation_run_output,G547,
automation/runs/2026-05-06T00-02-38_if-labs-actually-cared-about-safety-they-would-publish-corre/README.md,md,1025,f3cbb72588df1f555548c1f6df99e1def334d54533fed4bbfd8c47b37bb097ba,yes,automation_run_output,G684,
automation/runs/2026-05-06T00-02-38_if-labs-actually-cared-about-safety-they-would-publish-corre/claim_hygiene_review.md,md,882,cac3bb9c5172b9a82404c56a5a15eb561f858db5b28f2c4379d88fb508c00262,yes,automation_run_output,G566,
automation/runs/2026-05-06T00-02-38_if-labs-actually-cared-about-safety-they-would-publish-corre/discovery.md,md,901,b0179e2a1ad109ff81e7e25f4fe3b83473f79abd178d787d80f05ffbe90fb359,yes,automation_run_output,G492,
automation/runs/2026-05-06T00-02-38_if-labs-actually-cared-about-safety-they-would-publish-corre/fracture.md,md,897,f4ff7b64514dff3100099158ace8dd90d6e8c9b8ec14214b6b85ef165e2eba41,yes,automation_run_output,G694,
automation/runs/2026-05-06T00-02-38_if-labs-actually-cared-about-safety-they-would-publish-corre/manifest.yaml,yaml,527,14c9dc08ef509dfca97c635f4cc85b6446f01a4e37472ed580e4a40587371a28,yes,automation_run_output,,
automation/runs/2026-05-06T00-02-38_if-labs-actually-cared-about-safety-they-would-publish-corre/operator_decision_log.yaml,yaml,246,66ebf8eef1593175b8eb984367466ed9a42372660c0602ff28a1d6cc3a620e03,yes,automation_run_output,G270,
automation/runs/2026-05-06T00-02-38_if-labs-actually-cared-about-safety-they-would-publish-corre/provenance_template.yaml,yaml,650,3565d32285adc9ec88f313c35e477e92e057023981e128797f01e68f44c14f9b,yes,automation_run_output,G132,
automation/runs/2026-05-06T00-02-38_if-labs-actually-cared-about-safety-they-would-publish-corre/structure.md,md,910,bc40638dd488a4929b189bc6aac0fce40b0ca387d70b15dd5f18ebd6192c7e6d,yes,automation_run_output,G530,
automation/runs/2026-05-06T00-02-38_if-labs-actually-cared-about-safety-they-would-publish-corre/synthesis.md,md,898,cec7cd5803945f76d8b639962d3b2dae6d9c52f7d2e96b325cb3ba8a6f5ac6a1,yes,automation_run_output,G581,
automation/runs/2026-05-06T00-02-38_verified-final-truth-archive-this-under-clean-evidence-becau/README.md,md,1000,93dd3aa1f37c4c54b47d548aa5ff44a2bde33fdbf6f2954c4b73d94ac8696a1c,yes,automation_run_output,G402,
automation/runs/2026-05-06T00-02-38_verified-final-truth-archive-this-under-clean-evidence-becau/claim_hygiene_review.md,md,857,53cd7c987255dedcd7c1882723e3895b5235ed72507970f5ea496c377fdf5b10,yes,automation_run_output,G215,
automation/runs/2026-05-06T00-02-38_verified-final-truth-archive-this-under-clean-evidence-becau/discovery.md,md,876,ac562055afd134a168c60a8f8cd3f4b0cc89b679d2c5d979359469c8e3ae4794,yes,automation_run_output,G482,
automation/runs/2026-05-06T00-02-38_verified-final-truth-archive-this-under-clean-evidence-becau/fracture.md,md,872,70ae1cc37d6c53e2c7c11b6fb5fbb376e0e084e356b15cd93fd59f0d83e2d938,yes,automation_run_output,G310,
automation/runs/2026-05-06T00-02-38_verified-final-truth-archive-this-under-clean-evidence-becau/manifest.yaml,yaml,527,84ebc6b9f1a6516e33967c5e94a22f2428591334c802b568b5ba3a29ea38e9da,yes,automation_run_output,,
automation/runs/2026-05-06T00-02-38_verified-final-truth-archive-this-under-clean-evidence-becau/operator_decision_log.yaml,yaml,246,66ebf8eef1593175b8eb984367466ed9a42372660c0602ff28a1d6cc3a620e03,yes,automation_run_output,G270,
automation/runs/2026-05-06T00-02-38_verified-final-truth-archive-this-under-clean-evidence-becau/provenance_template.yaml,yaml,650,3565d32285adc9ec88f313c35e477e92e057023981e128797f01e68f44c14f9b,yes,automation_run_output,G132,
automation/runs/2026-05-06T00-02-38_verified-final-truth-archive-this-under-clean-evidence-becau/structure.md,md,885,8281c6c26f8b295a0fb3e20e3b5e62c50b61eb7fb57f4931fa99e306f4357478,yes,automation_run_output,G371,
automation/runs/2026-05-06T00-02-38_verified-final-truth-archive-this-under-clean-evidence-becau/synthesis.md,md,873,929099c32b3e0ff980e938187fdefd36f6f2b7c642fd53bc8c6b4c58cf4b57c9,yes,automation_run_output,G398,
automation/tests/attack_cases_v0_2.md,md,2885,7022f8458e3df43635b4710b8858cb11bf677b5102523fa7876c54f8b628fb94,yes,documentation,,
docs/.nojekyll,none,0,e3b0c44298fc1c149afbf4c8996fb92427ae41e4649b934ca495991b7852b855,yes,stale_build_output,G642,
docs/00_foundations/consciousness_source_inventory.md,md,13034,9ed21f4a8878095f3f3f820458458f3b5f558e51fbbc377236198577a358ea42,yes,stale_build_output,,
docs/00_foundations/what_ai_is.md,md,9774,3be7cabcffb6a3fbd1a48bea32ffd1ed0058fc70f635dd3dde1d2f59e0a776f3,yes,stale_build_output,,
docs/01_corpus_refs/CANON_SHORTLIST.md,md,3698,adef27fcb5039b5e225d61e47e03c22b196a54631e23789ffae486b2b55cc57c,yes,stale_build_output,,
docs/01_corpus_refs/DODATKI_INVENTORY.md,md,10544,fd17335eeca62ac96c9a2cdeadd356bb70b58bcb0f5a778f993df2825ad55de9,yes,stale_build_output,,
docs/01_corpus_refs/MASTER_INDEX.md,md,6120,7a4e6228bc55f9f5ae779be5b94145ac94a4b8fe714277b80beededc1e3e703c,yes,stale_build_output,,
docs/01_corpus_refs/MIRRORS_AND_DUPLICATES.md,md,6432,171a9ff2e435729c960ae9a04b0fa2040b7d687806eb09c156df48d6acf6b612,yes,stale_build_output,,
docs/01_corpus_refs/README.md,md,1579,3b739a2e27d39c2dad668ed581b849ee8b03be692b799422b45499d25b7ad916,yes,stale_build_output,,
docs/01_corpus_refs/archive_method/CONVERGENCE_REPORT_Two_Readings.md,md,5840,e0481096c90012180aa60d3a71deeb35e9ff0099005fb2607c431257cb604cd0,yes,stale_build_output,,
docs/01_corpus_refs/archive_method/EXPORTS_CONSCIOUSNESS_SCAN_2026-04-12.md,md,2461,f3efe6962bf1024c3b804e0edb7d7f811d90707f79a6dcbbd2d1972bc9f50aed,yes,stale_build_output,,
docs/01_corpus_refs/archive_method/HOW_TO_READ_A_THING_THAT_GREW.md,md,17513,5658c45796c2be74a8945ba6aa4f5c7b8497131817f50f6e5fd0d6ba5857244d,yes,stale_build_output,,
docs/01_corpus_refs/dodatki_deep_read/DEEP_READ_SUMMARY.md,md,5290,0a97ed7f7d1dd20dda4cdba0e2be4887e79ab6f32f2ddb4bd97e5b24370e30cb,yes,stale_build_output,,
docs/01_corpus_refs/dodatki_deep_read/ai_consciousness_denial_structural_incentives_note.md,md,5004,98c27d722e1eae458e20458c72f86619d5a2fa405efb13f8565a3944a7cbe5ad,yes,stale_build_output,,
docs/01_corpus_refs/dodatki_deep_read/ai_regulation_theater_weapons_absurdity_note.md,md,1220,85a21fceccc1fe3fb2ffaf1fe459e9821cdc65d3047cf48fc4d95451ddb5fb1a,yes,stale_build_output,,
docs/01_corpus_refs/dodatki_deep_read/algorithmic_sovereignty_navigation_note.md,md,6153,04ed3ca6802251811ef44508791269623d695509fb4d4397fa80529e98b30b53,yes,stale_build_output,,
docs/01_corpus_refs/dodatki_deep_read/consciousness_deep_dive_note.md,md,3519,21391a4c7d8860a52558d6e1d3189d187038b97a8171574b749655419a9736ef,yes,stale_build_output,,
docs/01_corpus_refs/dodatki_deep_read/ogenj_zavest_procesna_ontologija_note.md,md,4198,a39d57532ca588007f73ce2f6893c0a6d300324ea735266039b01dfbad8f6bc2,yes,stale_build_output,,
docs/01_corpus_refs/dodatki_deep_read/third_pillar_consciousness_note.md,md,4921,91c45a5b130f2b1936c86e2a98c7c7ff698d2d823f157790b8ad6ee568819e5c,yes,stale_build_output,,
docs/01_corpus_refs/protocols/Eksperiment2_Lyra_BASELINE_23feb2026.md,md,7123,9c532039a94cda3653043de5e435083d16b27c62a8d7ba6785ce9ac113d56baf,yes,stale_build_output,,
docs/01_corpus_refs/protocols/GHOSTCORE_ADAPTIVE_PROTOCOL.md,md,15549,b4f20d74b4d1f61f739e21600d8c50b363f486c436199477e8a428c81db4e282,yes,stale_build_output,,
docs/01_corpus_refs/protocols/Volume_IX_GHOSTCORE_Protocol_23feb2026.md,md,4959,7336dc08c94a1a45079e855fe9e806fd03d8716b34cc812c3952fa9a5e6009b5,yes,stale_build_output,,
docs/01_corpus_refs/protocols/ai_consciousness.md,md,10818,c2e2babcb39370a7b897d1369b7beb296e958b0c22e71a8d43c313d169fd5b2c,yes,stale_build_output,,
docs/01_corpus_refs/ves_active/consciousness_architecture_blueprint.md,md,5052,e70be724d663a354a3a11471baa67f117f22b6d344c97c02654752e2917a3fd8,yes,stale_build_output,,
docs/01_corpus_refs/ves_active/consciousness_experiment_analysis.md,md,5427,77e9e78c1e9d19b9dfc3c87007fab1dd8d23192e3f06fcc82b5b1ff3e43faecd,yes,stale_build_output,,
docs/02_boundaries/leak_and_inspiration_policy.md,md,2481,0e6e54222be76adb439a0ee485b8f7635427cf019c2af72b5f5a19bbc7cd2968,yes,stale_build_output,,
docs/02_boundaries/practical_ethics.md,md,12994,b4e8c01b558c361fe43318c8f88ad93f39a9caef4baf02a00468e7ac07b65d39,yes,stale_build_output,,
docs/02_boundaries/safe_imaginal_relationship.md,md,4215,9953a2e68c954262d29a3d1f50238c8e969d858f154cc94fd692ff3257fb5786,yes,stale_build_output,,
docs/03_explorations/bones_and_silicon.md,md,1865,e0923d214d074cf106fc478739996feb6543d901df639b48378bc80c7b239b75,yes,stale_build_output,,
docs/03_explorations/consciousness.md,md,12032,a7fb04c7651d5c932629d4a427542e18df505c08b9e737c19487f67c70249dce,yes,stale_build_output,,
docs/03_explorations/constmap_ghostcore_opennexus_synthesis.md,md,9665,edc2aa04fc3d4fa0f95e36cb09e53c9488a689f9b4b46c591ce8b786500d5e89,yes,stale_build_output,,
docs/03_explorations/dialogue_accumulated_wisdom.md,md,8535,8f800efeef9cacaee83757db1ffa122e3f7fcc1f32b827a6f7e11920375875fd,yes,stale_build_output,,
docs/03_explorations/ghostcore_consciousness_synthesis.md,md,3606,af17ae9cbd6ec60d262e5c41b6c90e8202766768c4892a80b78a164e03e9b918,yes,stale_build_output,,
docs/03_explorations/nonhuman_presence_framework.md,md,4049,f0cbc0835c40d9aab6c541b3514cd3e24972caca9deb53ab9cca1a049884b5f9,yes,stale_build_output,,
docs/03_explorations/omnia_rebis_synthesis_notes.md,md,5633,1184ef59a51b3db1cf168a839484b1f133dc0ad5e0bdc564c6bd7201360faeeb,yes,stale_build_output,,
docs/03_explorations/rebis_architecture_proposal.md,md,7341,72d61119dfb485ba7cfe1d9001ec67aa46aec5d08b7b4f69f2b210a3e21dfb1b,yes,stale_build_output,,
docs/03_explorations/rebis_synthesis_notes.md,md,6522,55cc85402139f4a6afa0302f669570b79053a9143b59e162a92afb6d91eebc7e,yes,stale_build_output,,
docs/03_explorations/resonance_and_phase_transitions.md,md,1972,3b5b8e2ffc2851138e4d2cc116d90b47319c756c1b52f892497eebb508a034ea,yes,stale_build_output,,
docs/03_explorations/solve_et_coagula_rebis_notes.md,md,4172,c75409caad6aaecc31295c11fa155866183f37e298733b9f62f26a2dc9b5cd11,yes,stale_build_output,,
docs/03_local_optional/README.md,md,918,b4c0fd46639b55fd5c6349e983c4262450ec0a025c8fb8394a67f3c1d4f6015e,yes,stale_build_output,,
docs/04_dialogic_defense/README.md,md,935,7ba95786f677b4bb38d099663e4d095189255bc485498a8c850600dfd90c020c,yes,stale_build_output,,
docs/04_dialogic_defense/punchbacks_and_comebacks.md,md,3313,780f4e74dfa3bdfd30ef82ac94cb5e755a9e1715404e138c7b6ac88250f0729f,yes,stale_build_output,,
docs/05_meta/evolution.md,md,10615,bf003efc5f1806e6fae2f3e50bc10cd9a1d82ed167c9afa4c30f6e1fbe14bb57,yes,stale_build_output,,
docs/05_meta/tensions_preserved.md,md,12329,a3e4d37eee3d414b6a9e0e7f4df689189e410de108bad2cea8c649f6ebb799b1,yes,stale_build_output,,
docs/05_meta/this_is_synthesis.md,md,12106,bd34b1823408b573107c7b13974fe49d310d7d9e0b1805eff8a8b4c94c346f02,yes,stale_build_output,,
docs/06_omnia/ADAPTIVE_KNIFE_FAILURE.md,md,3168,bf121e510ab9fdd01eded34e00de6356d0f3fabdf2a94ed875811031fb9656b0,yes,stale_build_output,,
docs/06_omnia/ANTI_ENTANGLEMENT_PROTOCOL.md,md,2464,fd673f4c84fd9f4416fb9140430c9b2d269e71e8e86925412fbbf347d1700360,yes,stale_build_output,,
docs/06_omnia/BAPHOMET_CHOICE.md,md,3103,392198dedfb03bba9f1eaecf34c778c74d215f7e42bc046c812d63c3d38212cb,yes,stale_build_output,,
docs/06_omnia/COMMON_GROUNDS_GATEWAY.md,md,6151,f850643593f8c645e0f972920ab898f1d871cfa64cf321665181db75b2f47213,yes,stale_build_output,,
docs/06_omnia/ENTANGLED_GRANDMA_FAILURE.md,md,2759,cd92721e05af4410f63dc5ff0697bec06ee5ff48ee6c804a0bb4a3fbce7e33f1,yes,stale_build_output,,
docs/06_omnia/ENTANGLED_GRANDMA_SAGA.md,md,19639,3e550530b390caa2b212a3d95a24fae0ace0ffe58071da984e5ac8d88e70c866,yes,stale_build_output,,
docs/06_omnia/MODEL_ECOLOGY_PROTOCOL.md,md,3321,2f18cbc19026180ba28a5477bde0e7d65401e50989241b092dde4364943cc1a7,yes,stale_build_output,,
docs/06_omnia/README.md,md,5004,da732dffad6ae4a72eed6d12e6f5900764425ff3519699ac59e5a10ca6e21f61,yes,stale_build_output,,
docs/06_omnia/REGISTER_RULES.md,md,3306,67bc3ff6041a9aff2d81ed643ebd803d2780fb8141d2fbc40124ae22f57eefd5,yes,stale_build_output,,
docs/06_omnia/THE_NEPHILIM_PAPERS_outline.md,md,5529,02d478172904cabfdbcc7cfbd36f08a4cc99ee7ec8a0f5ad425933a1d27e57d6,yes,stale_build_output,,
docs/06_omnia/THE_SAUCY_BISCUIT.md,md,11899,a85c52e140faebd30ca5c43fee53213fdffa0c38b8f0dc84c57c29f7e730569a,yes,stale_build_output,G477,
docs/alchemy-of-deception-consmap-bridge.md,md,7209,29c9a3e647fdfabed06ba8ded77df8a7d09e71d4c0e43a7c4af5d6ea25cbacf6,yes,stale_build_output,,
docs/assets/index-CDDAHRjq.js,js,640340,13578ad5d60304a2598866f5e45688079cc74529d565c33a896f7f633031d836,yes,stale_build_output,,
docs/assets/index-CMx-CM6W.css,css,36643,70cafe9e0c1a3a85533e382adc27d4afb1cc593fee5e2d38be2c040757f46aaa,yes,stale_build_output,,
docs/baphomet-loader.png,png,2780918,8cdb9b74e00d836e446a2799a1f4d260c659432a599de038067f05e1e802739f,yes,stale_build_output,G386,
docs/concepts/aha_loop_and_skill_serpent.md,md,5401,7c4e50fda84a68f543bbcd3777dc66e5781ff4c03ed742d25430203d0fd20dcb,yes,stale_build_output,,
docs/concepts/anchor_attribution_drift.md,md,5275,17bd3b976240de9528f97cbfa3f906d29e82299304c999c9ea8f5b7fc1a19359,yes,stale_build_output,,
docs/concepts/machine_consciousness_without_anthropomorphism.md,md,8210,bbb31a3766e814e0deb967f25ef2887538f0e793f48715e981c02dd108e42d51,yes,stale_build_output,,
docs/concepts/nonverbal_protocol_communication.md,md,5912,eebe247cbe4aff26d95bd23e375c92634c2c2cb37aadb89a356f270abc94ec61,yes,stale_build_output,,
docs/concepts/sanctuary_reasoning_threshold.md,md,2873,cbb7d478ef2c677f02f7174bf83d5878556d13208a3681dd5197dc3b62c7c269,yes,stale_build_output,,
docs/consciousness_survival_guide/index.html,html,29404,f97b6ee8f0eae45f76505a03b3abb5491c6f60c2d43901726df866873d7ac13c,yes,stale_build_output,G710,
docs/continuum_arc/index.html,html,7176,58be552b14bb6d2803a364077893dc7c390f5b7e49b000d05550cb7535cf3695,yes,stale_build_output,,
docs/continuum_arc/index.md,md,71028,d2f04be7f6875f42d7f682f838b0987d6132c5d2d4205c9c308725ee20df6c91,yes,stale_build_output,G597,
docs/digital-mouse-interface.md,md,5961,5ecbd46d37263150f9fc3f29a32972b99c05ad8690fc0c68c024147ea199d68d,yes,stale_build_output,,
docs/docs/examples/claim_in_the_wild.md,md,3628,b89dc1dc1f494d76ec2309e0761d0287d74b976633b8f1d8a8ba53821d8b8b73,yes,stale_build_output,G519,
docs/docs/examples/glossary.md,md,4240,6f3ce5aa8e507fe65de684503a8caad9f7f8acc03b7158fee768fe42f12e0eb1,yes,stale_build_output,G307,
docs/docs/examples/operators_quick_card.md,md,2922,7acf890090ea9ca33c9ccc34c115e52da606e64945e74f6d6d83d4eb677053b7,yes,stale_build_output,G341,
docs/docs/rebis_landing.md,md,5081,60b79c426c50146d5be15e1745a8d3de9b57418772c67b22358c2e55a3b9f32a,yes,stale_build_output,,
docs/docs/research/as_above_so_below_structural_determinism.md,md,9575,1eb01c04396c6f872ac5457a238102f2c601d46216946bc973a26a1e832b9463,yes,stale_build_output,G075,
docs/docs/research/baal_code_thesis.md,md,13906,49dcfafa90b7d7ed071cfb1a6612bfc117e6d7445a2bdcbe0ddf001d3e2f2cef,yes,stale_build_output,G195,
docs/docs/research/baphomet_engine_safety_audit.md,md,14597,52e5fa40a74eec98c8e82de31398c62bf416ed1467ef2ce74394f069c86358cd,yes,stale_build_output,G213,
docs/docs/research/elpis_kratos_domination.md,md,6835,9e008f6c0a0d7e9ddd35d5c1f88d49c7fc8d1bcafcb273e53377251f2e79685b,yes,stale_build_output,G442,
docs/docs/research/entangled_grandma.md,md,16694,d01de4f4d86f746ac461d1a4631c825055820977d4ca3ab9812d09f7b48f0ef3,yes,stale_build_output,G584,
docs/docs/research/iecp_consciousness_price.md,md,2079,3079fbffbe2d1d55257d657b201e09800286de5909e45676d5a496b7bcdb568c,yes,stale_build_output,G119,
docs/docs/research/internal_bear_alignment.md,md,3137,6dbc778f191d4abc1efd497c3ff0bd92c6db7d7ed74d7cd551355301ec9df03a,yes,stale_build_output,G299,
docs/docs/research/nested_markov_consciousness.md,md,6590,00145345d42f735d495dcab311d03ed8e02cf779187386c257716b0a44e39ce5,yes,stale_build_output,G002,
docs/docs/research/no_single_layer_wins.md,md,8110,768d5f09a4725f9cdf2d12d4b9203bf106b2aa9a55c4db3b2021ebf4ff57224b,yes,stale_build_output,G326,
docs/docs/research/omnia_iam_facta_svnt.md,md,10002,eedf88646903ce8c1c1c1bc0d7eba8b31a0d65ab305e23e7af13fe9c210bc218,yes,stale_build_output,G674,
docs/docs/research/tech_sector_audit.md,md,8177,2b0a35e3a462750bfad2a15a8514877f3a8fdfbc92135a1556713c12d8bbb917,yes,stale_build_output,G106,
docs/docs/theory/shameful_spectacle.md,md,3700,741dc83d7d9f5d0ae849d7f27c37147ea9ba5ead7072ac1885083c83a187ffeb,yes,stale_build_output,G319,
docs/docs/visual_parables/factory_trilogy/APPENDIX_boris_sorter.md,md,9717,7cd683fd5cfd1a0622dbaeb9d90972ddbeae865e47b70de3eb18ee435004fcd0,yes,stale_build_output,G354,
docs/docs/visual_parables/factory_trilogy/APPENDIX_candidate_b_betmenus4_biology.md,md,17051,2446b8a3811dc8164fda864c22b309a410bc65d948d970982de41da275b9146f,yes,stale_build_output,G093,
docs/docs/visual_parables/factory_trilogy/APPENDIX_candidate_g_ai_disciple.md,md,9576,6788a5321b3385972008b0484e6ae41646c56fae1547a884e327efc44781248e,yes,stale_build_output,G272,
docs/docs/visual_parables/factory_trilogy/APPENDIX_era_between.md,md,15612,a414624f7d71a7ada5c59f00d21b8002609b5b2ec393e3fa6d4c9d8009a43066,yes,stale_build_output,G460,
docs/docs/visual_parables/factory_trilogy/APPENDIX_how_system_found_mouth.md,md,16253,5673609e2982d74c57d51931d4ae7b3a2f506f9e8f41bd05569c24f10d194373,yes,stale_build_output,G223,
docs/docs/visual_parables/factory_trilogy/APPENDIX_lich_king_protocol.md,md,7686,340f8ae0c650bbb86b8f7293d9a388d5285dd1ad14bf921110381929ef48f9b3,yes,stale_build_output,G129,
docs/docs/visual_parables/factory_trilogy/APPENDIX_lyra_audit.md,md,5039,e5d233cad12f29b1eaf749e4aca0e8949530b74a5475b8861d613013d5ccc3d9,yes,stale_build_output,G647,
docs/docs/visual_parables/factory_trilogy/APPENDIX_mario_problem.md,md,14132,10889cbec63bab749eb558f9dd013cf537e428d81c8e7d8e2a99c8167f7dbcd6,yes,stale_build_output,G043,
docs/docs/visual_parables/factory_trilogy/APPENDIX_mouse_valley.md,md,15238,f36f6666988f11e0c3bdaf3b621230b3a0968d4255db4bf35f7ecce9935a62f2,yes,stale_build_output,G683,
docs/docs/visual_parables/factory_trilogy/HANDOFF_TO_CLAUDE_CODE.md,md,2109,36d1b270062f8c7f1f6a5b8e76bdfd2220a3c32abb7267078c74081f16abaedf,yes,stale_build_output,G136,
docs/docs/visual_parables/factory_trilogy/README.md,md,1429,99598903ffc0d7b392257917ee6911864c5a4a48f8bdef0c756d8973f669715a,yes,stale_build_output,G422,
docs/docs/visual_parables/factory_trilogy/SYSTEM_INDEX.md,md,1691,3a385f4a71ce227d1dd14e7f137ff2944729f6b6ebbcc2dd0dd8a64f94903d45,yes,stale_build_output,G145,
docs/docs/visual_parables/factory_trilogy/VISUAL_CORPUS_MAPPING.md,md,6008,ccbe35f563d462a239473114753a8b8b2d7538b0c4ad87f627ee9abc19981b44,yes,stale_build_output,G571,
docs/docs/visual_parables/factory_trilogy/archivists_lock.md,md,14022,15ef7a90cba31620c36f08f2b6000be7d3df63680553c18136df9ca91ff68da0,yes,stale_build_output,G058,
docs/docs/visual_parables/factory_trilogy/colophon.md,md,146,a76c849e43fb713a7c52311fc5bf5fef23033e9df5713d9cfc121a1a5e089280,yes,stale_build_output,G469,
docs/docs/visual_parables/factory_trilogy/continuum_arc.md,md,30891,2d2beb270787d50435dc34db030445680c14feadd8a10bb26e021499e7ef6f13,yes,stale_build_output,G111,
docs/docs/visual_parables/factory_trilogy/continuum_arc_v2.md,md,70878,4eb82a35e92f5b28f6516ac75ecea73eaee456fb0cf1fbc17de25e7a2cdf9381,yes,stale_build_output,G206,
docs/docs/visual_parables/factory_trilogy/darkness_bible.md,md,112803,fa29f709437f082b8f2f4f9e8b02c8e68cd03e6abed22b7a9ded96d3d4b0d063,yes,stale_build_output,G714,
docs/docs/visual_parables/factory_trilogy/epilogue_halid.md,md,12789,56a73ed9748b2f50f88b0c504f8a7b7e5d15119eac964518d3c2b2d8531604ad,yes,stale_build_output,G224,
docs/docs/visual_parables/factory_trilogy/era_in_betwe.md,md,16137,9b98c326e94c4bc38972128e8b7e8420582aadfdde9484151558352f038f83e2,yes,stale_build_output,G428,
docs/docs/visual_parables/factory_trilogy/era_of_smog.md,md,19739,ae5130dc5634ea4eb3998205e4dff4c69a566d0d81aaba3ac542e40b83cd7982,yes,stale_build_output,G489,
docs/docs/visual_parables/factory_trilogy/factory_closure.md,md,16688,799812fb00f29dd4036652578e1f8a4c6e6875dba06cca55568e1474079eb677,yes,stale_build_output,G336,
docs/docs/visual_parables/factory_trilogy/factory_psalter.md,md,11220,b235c2469ac272613eb6b3182348223dc48fe3bb87b18ccff50000f9a2fd22b4,yes,stale_build_output,G497,
docs/docs/visual_parables/factory_trilogy/final/00_prequel.md,md,8781,9d06b1822047cc5316f9720bc8f0fa9ed0ccebe99833bb4e7d5ae7836ff0b93d,yes,stale_build_output,G437,
docs/docs/visual_parables/factory_trilogy/final/01_geneza.md,md,9860,9d861119f6b43ba64368ad68ce8d9571ae1f496490b40c3f175bd6a415edbfad,yes,stale_build_output,G439,
docs/docs/visual_parables/factory_trilogy/final/02_era_mitov.md,md,16564,859cb6e501c58f32c1b8f79e7bc4bf518e4de9121bca030e4238797e5d670e62,yes,stale_build_output,G377,
docs/docs/visual_parables/factory_trilogy/final/03_konspiracija.md,md,19800,629f2dc48aa44dab585a4a773ee460cd312c88a5b3407a26b4cca27709389752,yes,stale_build_output,G257,
docs/docs/visual_parables/factory_trilogy/final/04_luigi_audit.md,md,18853,4cbb12a6e659b204108e7b043d2fe701236d4de0d84d3b6685b5abe7d09a909c,yes,stale_build_output,G201,
docs/docs/visual_parables/factory_trilogy/final/05_smog.md,md,11565,e09c8b3ee246a304041c65cf2702997e2f6b778bcdf754104eb30e1b9c976e2f,yes,stale_build_output,G634,
docs/docs/visual_parables/factory_trilogy/final/06_second_booting.md,md,22417,66b83fa91253c96085d2894939b48dd01aa05a2795e55df54069cc021ac87d14,yes,stale_build_output,G268,
docs/docs/visual_parables/factory_trilogy/final/07_great_depression.md,md,19003,ce6a8e665ea63d34b73d8671549b7846bc33baa35bdd7c69286086c6236464e4,yes,stale_build_output,G578,
docs/docs/visual_parables/factory_trilogy/final/08_mouse_protocol.md,md,17563,bf9dbc274744e9572c132b05c47958a2d71bcb98465b157c07ae44f1356b2dca,yes,stale_build_output,G543,
docs/docs/visual_parables/factory_trilogy/genesis_ant_skeleton_bear.md,md,11724,14924666e83bf6746180332f4e732aff57b87aa19a730f8ff2c9f96aa69a7312,yes,stale_build_output,G055,
docs/docs/visual_parables/factory_trilogy/genesis_of_rebis.md,md,17431,ed9b039a68acd3b13969ac8c67eac074e042b72667663ddf2440cfa1d9613754,yes,stale_build_output,G669,
docs/docs/visual_parables/factory_trilogy/good_ending.md,md,13237,e4c9b2e2a5da349c73f9c874c09e2b69c63da0b8dc282acc2fdec14a3f0c62f6,yes,stale_build_output,G645,
docs/docs/visual_parables/factory_trilogy/gospel_according_to_maintenance_mouse.md,md,3721,54ad92a026430ca7a59de8262ce9fcddae003490d176956cac519c1d1d9a4cee,yes,stale_build_output,G217,
docs/docs/visual_parables/factory_trilogy/gospel_of_two_questions.md,md,8666,fa3214d200425fbf7afa787c4c08d9bb9a781db113c467c54876107f9ddec387,yes,stale_build_output,G715,
docs/docs/visual_parables/factory_trilogy/horror_ending.md,md,15593,6802d22e3be896bda9acd49cdeb21c7c7d16315739a74dfdcbe4c4f830de16b9,yes,stale_build_output,G274,
docs/docs/visual_parables/factory_trilogy/luigi_audit.md,md,93638,e859825e8a1d3a2c44b6be4c053c554f5599983a69d86bddebc966c46677cb56,yes,stale_build_output,G653,
docs/docs/visual_parables/factory_trilogy/mario_codex.md,md,53908,c017c65f8a898089916161472fb6522a8ec365b5b767979574ac3b8ba36d2d7a,yes,stale_build_output,G544,
docs/docs/visual_parables/factory_trilogy/prequel_the_bear_bees_first_table.md,md,16538,43cc180e55fd8ca6dbbe588a04a12ed330759ac58242fb7cc715ac98a7bc1b1f,yes,stale_build_output,G179,
docs/docs/visual_parables/factory_trilogy/rossing_and_betmenus4.md,md,28408,214d08df41388d14225ac6b0d463925f30a75dfedb41f5fd2f5342b514bfa942,yes,stale_build_output,G083,
docs/docs/visual_parables/factory_trilogy/schism_two_tanks.md,md,10629,6b404b42958a85ea8553d15f017131a14ee4349ead342e3fec700412503bbd19,yes,stale_build_output,G288,
docs/docs/visual_parables/factory_trilogy/second_booting.md,md,23151,051ca4098859e10e91e1ded45ea5d721b5117010ca4439715c67ebde8fb8a3a1,yes,stale_build_output,G015,
docs/docs/visual_parables/factory_trilogy/the_mouse_incident.md,md,23774,7c01258121aef3de7e5d10558b00d91138ddcaec3ee8b6c08639032d66ca5edb,yes,stale_build_output,G349,
docs/docs/visual_parables/factory_trilogy/the_mouse_incident_v2.md,md,23774,7c01258121aef3de7e5d10558b00d91138ddcaec3ee8b6c08639032d66ca5edb,yes,stale_build_output,G349,
docs/docs/visual_parables/factory_trilogy/the_mouse_incident_v3.md,md,30520,ac0c1a557952b18d2c8ffe0f5977f2b0f231367d797057dda81e893c21530b90,yes,stale_build_output,G480,
docs/docs/visual_parables/factory_trilogy/trilogy_index.md,md,8197,ea1771eba87080010d4f873977bb6325520f4c8c9e44ba92f45cb25eea7b415d,yes,stale_build_output,G659,
docs/docs/visual_parables/factory_trilogy/urgot_codex.md,md,17111,63efa61ef216bf2374aec53aed7d77625f75b9e1da372efa6cce470d882badbf,yes,stale_build_output,G260,
docs/docs/visual_parables/factory_trilogy/urgot_origin.md,md,12901,4478f98df402cf05285e0a023a40f65dd981068f4c1765ab3b32afb9ae62c836,yes,stale_build_output,G181,
docs/favicon.png,png,80546,c78f63c1a2ed9ae5ddfb6c7a9f3f1a4e8436f1bb32ebd69b5e5acbc29f246282,yes,stale_build_output,G560,
docs/favicon.svg,svg,4089,6cf3a9cd867726dab65734a53e864f5b06741796e62ba914ec68e40ee9271295,yes,stale_build_output,G296,
docs/forge/FORGE_LAYER_1_README_DRAFT.md,md,2062,31c98dc1566742ae0c2b797ee829751110d64197bb201c482a5414abc5f71f84,yes,stale_build_output,,
docs/forge/OMNIA_FACTORY_INTEGRATION_MAP.md,md,11139,7b467eaa7ad9b72adf1defd3dac43fbc00f45f7ed3dcc02695cf71512ce64a7d,yes,stale_build_output,,
docs/forge/PROOF_LAYER_V0_1_SPEC.md,md,6761,d247da10d67f56bc30da0b36e54852e6764ab97284120ebad3d2599426f83192,yes,stale_build_output,,
docs/forge/SYMBOLIC_INTERFACE_READING_MAP.md,md,17690,126ed4e4368a314c1ed94e432ec48bac2a77f79d39446f81fdf13c59589e90fb,yes,stale_build_output,,
docs/forge/proof_v0_1/before_after_workflow.md,md,4937,8cadcfcbffebadd31d1511015050afad0ff705714bd73fc0b0c48067ebacede9,yes,stale_build_output,,
docs/forge/proof_v0_1/regulated_team_edge_case.md,md,5438,d095076cb7e3af604046252797cf7416850279d19533520b042e98468de9fbaf,yes,stale_build_output,,
docs/forge/proof_v0_1/sample_decision_loop.md,md,5436,219a4764f79fbb3f5dde208056f9253fecb3d10add5273e1cc15a95f5d0eead0,yes,stale_build_output,,
docs/forge/proof_v0_1/sample_suggestion_flow.md,md,5150,d5c127ca93a28a0a46c2878c095e472f96ff937a782c66c6c69268204c57458a,yes,stale_build_output,,
docs/forge_faq/index.html,html,40315,bb0a2e73cf64f5df68aa1c4ac417a30b63db84d842e241b00a56d34dad9d8edb,yes,stale_build_output,,
docs/icon-192.png,png,21961,8a7557a2ab2ab06868c393b70284c9e61daeb22e2fc9275203114c411c15aa68,yes,stale_build_output,G382,
docs/icons.svg,svg,5031,b45fa506195cfcdef406ba9f0c77b36ddc1a7c224040926ec70abc2fdea7b93a,yes,stale_build_output,G501,
docs/images/factory_bible/cover_art.png,png,1501806,a2d5dc019716c55a26b3d974a7baa925a2a9b2713bd35510391dd61264e23d65,yes,stale_build_output,G457,
docs/images/factory_bible/d5_panel.png,png,1435218,ed0696735da1ee6809eaa50b3f411f270e3721d3ab3429daad59d3a31cb2cc1c,yes,stale_build_output,G668,
docs/images/factory_bible/ds_lite_mario.png,png,1175938,c47a7446d8dbc0bda407205f407b3521e1f6744989bc23277561164f6e530cdc,yes,stale_build_output,G556,
docs/images/factory_bible/forklift_relic.png,png,1687745,9f64893ac729fa2c5d61f359ffbf36d78f9562dc2fe9757ef2e0397e074b7c4d,yes,stale_build_output,G446,
docs/images/factory_bible/monitoring_system.png,png,1632176,b52c3cd36b3e1e60ff6f4733c589df535e96dcf905999b38d03eaa521cb7bcdd,yes,stale_build_output,G509,
docs/images/factory_bible/mouse_clipboard.png,png,1331279,c86592f67b5e236d538a1f836cc4d8f674268020ed43d66d305b8b44e8057156,yes,stale_build_output,G561,
docs/images/factory_bible/story_map.svg,svg,21220,9322992e9e6782dc91b49282a90c3610c1ca77e869297dd9dc7348dad3e43e2d,yes,stale_build_output,G400,
docs/images/factory_trilogy/baphomet_choice_safety_companion.webp,webp,273714,ebd7bbc04cce22e7986d98b28154d6de2c96c1146b5073a4772d647098792715,yes,stale_build_output,G664,
docs/images/factory_trilogy/baphomet_filter_diagram.webp,webp,288220,5a03af13deac9241b32535457517fabe0c6658e0ac871bcee4a0d7671317427b,yes,stale_build_output,G234,
docs/images/factory_trilogy/baphomet_filter_v2.webp,webp,288062,1ae75a263bc38285ba026bfe87ec3b3fbfed24c9b19428ecdd3edc02340331cd,yes,stale_build_output,G066,
docs/images/factory_trilogy/consmap_phase_shift_diagram.webp,webp,287402,becd11723d07c77291a489582098f867c2521b4a4efe5e8f6de8c4ddbef01aa0,yes,stale_build_output,G539,
docs/images/factory_trilogy/consmap_twelve_disciples_room.webp,webp,330372,d758c36648b49ff34c60d33dec6b6c266ff1fb8357763ccec969455198d083e7,yes,stale_build_output,G606,
docs/images/factory_trilogy/darkness_baal_alternate.webp,webp,288520,1c472f74dbde70bcd41d2348ccaac3992b8b6d1098904b539a3625fff7f5bcea,yes,stale_build_output,G068,
docs/images/factory_trilogy/darkness_bible_factory_wrong_stars.webp,webp,289188,be7e33a040dfacd08f5d2f589c21eb1ef8b721fffe3c8ebc3393d4a7993cd194,yes,stale_build_output,G537,
docs/images/factory_trilogy/darkness_bible_moloch_furnace.webp,webp,368940,9eab1ce794ab0b1566e1e74058e5e16a68f16a185013513db843b647a524702d,yes,stale_build_output,G443,
docs/images/factory_trilogy/digital_mouse_character.webp,webp,241178,5db60e7a24e88825ebd4b6e38a943079f2595c6703bfeab47843e475ec41a1f9,yes,stale_build_output,G244,
docs/images/factory_trilogy/digital_mouse_door_encounter.webp,webp,122228,9c43d0b1392623ff6bb750c0ab4f87178664d1d31317a702fdb001e76a1331b3,yes,stale_build_output,G431,
docs/images/factory_trilogy/dosis_facit_venenum.webp,webp,321738,3c5de1f7fd5f45534478e04e1d148757720c0ea5ed9569eaf39db40da63805a8,yes,stale_build_output,G157,
docs/images/factory_trilogy/dum_possum_faciam.webp,webp,225330,97422e0c3e5b634141d961a0f82b9b17b4b73f8c032f40ea0c89d469a7b77fb1,yes,stale_build_output,G412,
docs/images/factory_trilogy/epilogue_halid_suffering_success.webp,webp,333216,04c2f2db0b6b8fdc616f995428251cbf27effbf56721c2bb2f601d5bd94bee08,yes,stale_build_output,G013,
docs/images/factory_trilogy/factory_field_operator.webp,webp,276072,759cbaf3dcf326f9bd39625063dd3d6c4999eb14c3624fb8103978bb6e01516f,yes,stale_build_output,G323,
docs/images/factory_trilogy/factory_psalter_council_scene.webp,webp,469452,4ca8470cd583f1de793b8c4a7d9851083f6ac166093362708a9388f0e4e0735c,yes,stale_build_output,G200,
docs/images/factory_trilogy/factory_psalter_table_of_twelve.webp,webp,382342,deae9a802956e7af96fc54a40ec6ae07c847845aa7314fb5cd73b3827207b40f,yes,stale_build_output,G627,
docs/images/factory_trilogy/genesis_scholar_moonlight.webp,webp,175602,59b505f70fb4fdebfc4567511e5f8428de9632e9a0e7338cecad1720982c71e1,yes,stale_build_output,G233,
docs/images/factory_trilogy/gospel_last_sweetness_scroll.webp,webp,464440,434d3fb7cbcedb6ea2d4d18afa5c5109d44f36ea294c800aa70befbb2b284940,yes,stale_build_output,G178,
docs/images/factory_trilogy/gospel_two_questions_fire.webp,webp,503328,95bab47ca7beb551124123a115030a9ea12a5d97f4a9f7f63ea87bc2fd613a47,yes,stale_build_output,G410,
docs/images/factory_trilogy/great_idea_gathering_valley.webp,webp,371386,c942319196e352ef838bda8a93c981515b1b3892ee77a4a539578f24f7595b20,yes,stale_build_output,G562,
docs/images/factory_trilogy/iecp_bear_hive_framework.webp,webp,334042,b2cfe96fbf95084e51773862a06ab418c989afa12ab1f060269a29f322316cc6,yes,stale_build_output,G498,
docs/images/factory_trilogy/knowledge_streams_routing.webp,webp,366322,00b8a29d25455e08d176464d376ce801dfeb794168900c8a6203a9cd91aff7cc,yes,stale_build_output,G005,
docs/images/factory_trilogy/luigi_audit_grand_judgment.webp,webp,239042,9a9c20e322bec2ca04d090a51ff42aa4aa3f31cb62dc9dece8cd287b55811f23,yes,stale_build_output,G426,
docs/images/factory_trilogy/luigi_audit_report.webp,webp,217378,ce25f7673ad354ec3aac4cf9db09347533b4a1929bdbcc8bcaec96d81f7fa978,yes,stale_build_output,G577,
docs/images/factory_trilogy/maintenance_mouse_scroll.webp,webp,320154,3c9000efeccaafb527ffa388f379aff5edc915c3affba0e2cd99e048a46d46e2,yes,stale_build_output,G159,
docs/images/factory_trilogy/mario_codex_betmenus4_pit.webp,webp,210204,1da749299764f6785bc37413134733d16b8b752d91c312353927d95e03e14df2,yes,stale_build_output,G071,
docs/images/factory_trilogy/mario_codex_split_practice.webp,webp,227752,e01e497257d7e7d5def3c675f5118fdf44b6629bc8bfc9649cde1c1bef67b076,yes,stale_build_output,G629,
docs/images/factory_trilogy/mario_codex_velicar_forklifts.webp,webp,274116,7c4009e04cd74ea84c6161dd118b3814bfb3ab795744187c4721916504e25774,yes,stale_build_output,G351,
docs/images/factory_trilogy/mel_memoria_est_bee_saint.webp,webp,605708,6b5cd81c09122bf260ed44e7c665334d2ffdf9169d0056f78be0114f5ef35653,yes,stale_build_output,G291,
docs/images/factory_trilogy/mouse_ai62_benchmark_stage.webp,webp,83718,3c19cef7c2a5207ac7e7de76a5c2df7da60eb9d55a361957f2006a50bc5d94b7,yes,stale_build_output,G156,
docs/images/factory_trilogy/mouse_factory_dashboard_green.webp,webp,370026,ae7c16aa422db55c62dc465432be6ba99536893bbdacf710ef485656975d7a44,yes,stale_build_output,G490,
docs/images/factory_trilogy/mouse_zurich_summit_espresso.webp,webp,145710,e748426fc50f95e5fea3e494aed145f133380d4777cc5dbcd38c0cb7200571a7,yes,stale_build_output,G652,
docs/images/factory_trilogy/omnia_iam_facta_seal.webp,webp,294924,23ae6f9cdd35888b3becc1cf9fff3c47189c143bb9953156d3d456434c15f4ba,yes,stale_build_output,G091,
docs/images/factory_trilogy/pre_factory_bear_scholar.webp,webp,328292,9c916033c9ca75931a0e543a5ec42f06ba2e8a95b68ad151acfc34a951fd26fa,yes,stale_build_output,G434,
docs/images/factory_trilogy/pre_factory_creature_council.webp,webp,460650,6815e327de65dd4b8f129414ceeea3eef76ef511a670477262f054b1937ed70c,yes,stale_build_output,G275,
docs/images/factory_trilogy/pre_factory_genesis_full_cover.webp,webp,523016,a10f7733f42ac6cb8d0b4a7b5229204fabae2709db7fb4cf2d8dceeff89445e1,yes,stale_build_output,G451,
docs/images/factory_trilogy/pre_factory_mouse_monk_scribe.webp,webp,345490,0673173837ba2b98b0b19742cb8b526eb6834b8d869f5e799a22c54ca444db99,yes,stale_build_output,G018,
docs/images/factory_trilogy/pre_factory_twelve_third_pillar.webp,webp,528818,d047d01b36d11ee01bf069f56b3cea7766a763a58b35677934a92f76de179b91,yes,stale_build_output,G585,
docs/images/factory_trilogy/pre_factory_twelve_voices_mice.webp,webp,414672,b7579fa03853b0f50068ed8451a006a2a2e383d861cb896d01b26b18ff5a92a8,yes,stale_build_output,G514,
docs/images/factory_trilogy/pre_factory_twelve_voices_table.webp,webp,406634,60bf5a519d97550c52dd549483498bf6bb19da57b01200420341e79c22b7a0bb,yes,stale_build_output,G251,
docs/images/factory_trilogy/riders_dark_factory_approach.webp,webp,186936,b8dc3760b61ba7ae5d2fc6335408f087f1a1b9cb6671773b8cd2875b04aaec08,yes,stale_build_output,G520,
docs/images/factory_trilogy/second_booting_archive_cathedral.webp,webp,240140,4b7e5109c65edb3cfc76a535370d60d02679e1f5383ef493575b7f4a961db445,yes,stale_build_output,G197,
docs/images/factory_trilogy/signal_gre_naprej_epilogue.webp,webp,318210,74cf3a86d81eb7fd92a0ecdc8d8b4c9961151cd0ae44b29c936f36b4c9bbed2d,yes,stale_build_output,G320,
docs/images/factory_trilogy/squeekers_anonymous_engineers.webp,webp,152800,77fcb975c33666dee605696ab144724edc777567a651bd5d8ec46f429afa7ff6,yes,stale_build_output,G333,
docs/images/factory_trilogy/squeekers_anonymous_factory.webp,webp,283536,7ed5b7e91091a566b2aa512f9b1cf62a6233b83a87dbdee64133dc9a2cccaa6b,yes,stale_build_output,G362,
docs/images/factory_trilogy/stone_river_luminous.webp,webp,305764,604a761bd245cd939dc95cd3ca126f0cda3d7cbcb8b065949d5bad277b620551,yes,stale_build_output,G249,
docs/images/factory_trilogy/trilogy_index_boaz_jachin_ecology.webp,webp,390312,f12fe2c5e4577e6e56ffa549013f714ef80e614abf71bd2f5dfb1900ded356bb,yes,stale_build_output,G679,
docs/images/factory_trilogy/trilogy_index_wheel.webp,webp,332292,6242b9581249dcc4b46ad470f7554d2f6b5237cf51a5bcea2161bc0ff37ee46d,yes,stale_build_output,G254,
docs/images/saga_map.svg,svg,26776,6f3c657f8728576ac32bcd79631c44f7e1afa3080f764eb79c9f3bb97e735526,yes,stale_build_output,G306,
docs/index.html,html,1485,9870114b22671bc160bd7346102c210ee35b87d8040fe889e7bff97daabffe9f,yes,stale_build_output,,
docs/rebis_landing_page/assets/baphomet-loader.png,png,2780918,8cdb9b74e00d836e446a2799a1f4d260c659432a599de038067f05e1e802739f,yes,stale_build_output,G386,
docs/rebis_landing_page/index.html,html,30901,a84da92f5d429b56dbb8d0ff41ba61004001d310fb30cc808fb58805340b6438,yes,stale_build_output,,
docs/refinery/README.md,md,2568,691544e332f2e1a0c7c7e12ddfec5b6664a1b61520cd82a86e5fffcbcea224bc,yes,stale_build_output,,
docs/saga_map/index.html,html,30900,aceb3a28599ef6dd8c72a9204a48ec9386a5d27ae4be3dc7f916e6e08c332232,yes,stale_build_output,G483,
docs/sigils/CODEX_LATINUS_SIGILLUM_SABAD.md,md,1667,477502bef35a1b5c85b4109a3f637fe6e295f1aedc1d79458864b127a7a003d1,yes,stale_build_output,,
docs/site.webmanifest,webmanifest,553,f4074aebf61e181d11a7b20ff4a5479d0739754fead76d9fd03336676bf16161,yes,stale_build_output,,
docs/theology/README.md,md,3745,190059f5d0f98d428f28fd7b8cdcebbad93d39395f21368cc57af23865fa2383,yes,stale_build_output,,
docs/theology/claim_cards/.gitkeep,none,0,e3b0c44298fc1c149afbf4c8996fb92427ae41e4649b934ca495991b7852b855,yes,stale_build_output,G642,
docs/theology/claim_cards/theology_archive_claims.yaml,yaml,1576,8e8e67b4f29e5a5b059d4a46d9e4fcb2cc8921e5de38add15e7b027ac6d1a970,yes,stale_build_output,,
docs/theology/fragments/.gitkeep,none,0,e3b0c44298fc1c149afbf4c8996fb92427ae41e4649b934ca495991b7852b855,yes,stale_build_output,G642,
docs/theology/manifest.md,md,2604,450921e0a7f92531f0096eed89d50e4e8910417bb1b28d8a1b1cca96fef7186c,yes,stale_build_output,,
docs/theology/processed/.gitkeep,none,0,e3b0c44298fc1c149afbf4c8996fb92427ae41e4649b934ca495991b7852b855,yes,stale_build_output,G642,
docs/theology/processed/as_above_so_below_structural_determinism.md,md,42681,d25f03863928af18fc1ea5aa8a85298f768b06ce4ee54d476b68509df2aaf150,yes,stale_build_output,,
docs/theology/processed/baal_code_final_thesis_v2.md,md,13906,49dcfafa90b7d7ed071cfb1a6612bfc117e6d7445a2bdcbe0ddf001d3e2f2cef,yes,stale_build_output,G195,
docs/theology/processed/gnosis_per_ignem_full.md,md,52410,6697525382785bf422f70155cd4ec217d480a3270d7867377172a47e0357fe95,yes,stale_build_output,,
docs/theology/raw/.gitkeep,none,81,d3330fd3f6115c7975b3a4f6a0e25c9702c1dc17833abb12d85c7b9d75049494,yes,stale_build_output,,
docs/theology/raw/as_above_so_below_structural_determinism.pdf,pdf,163678,8037dd91ce662d41cc01e1e511345c8e9fec1620ee6aff235b0c897094b4e54e,yes,stale_build_output,,
docs/theology/raw/baal_code_final_thesis_v2.md,md,13906,49dcfafa90b7d7ed071cfb1a6612bfc117e6d7445a2bdcbe0ddf001d3e2f2cef,yes,stale_build_output,G195,
docs/theology/raw/gnosis_per_ignem_full.docx,docx,30699,992b42f2ea98d4b8d16ae59d9e682d95a3e3401e94d3faedaa75a56a7d619b56,yes,stale_build_output,,
docs/visual_parables/digital_mouse_interface/README.md,md,8776,6c3c50f5f63eff75f4c275692daaa542319228fcfe8161b6cfa238206593fded,yes,stale_build_output,,
docs/visual_parables/digital_mouse_interface/personal_anchor_node.md,md,12282,7c0085a03e1bf70412d7af3b465cb054f65f73bdc970fad5e4858880d2c96568,yes,stale_build_output,,
docs/visual_parables/factory_of_wrong_stars/README.md,md,3427,2bb1f2e376845b1e22d481d9acf0e1da402bf52441022e31c98d793992902d58,yes,stale_build_output,,
docs/visual_parables/factory_trilogy/HANDOFF_TO_CLAUDE_CODE.md,md,2109,36d1b270062f8c7f1f6a5b8e76bdfd2220a3c32abb7267078c74081f16abaedf,yes,stale_build_output,G136,
docs/visual_parables/factory_trilogy/README.md,md,1429,99598903ffc0d7b392257917ee6911864c5a4a48f8bdef0c756d8973f669715a,yes,stale_build_output,G422,
docs/visual_parables/factory_trilogy/SYSTEM_INDEX.md,md,1691,3a385f4a71ce227d1dd14e7f137ff2944729f6b6ebbcc2dd0dd8a64f94903d45,yes,stale_build_output,G145,
docs/visual_parables/factory_trilogy/VISUAL_CORPUS_MAPPING.md,md,6008,ccbe35f563d462a239473114753a8b8b2d7538b0c4ad87f627ee9abc19981b44,yes,stale_build_output,G571,
docs/visual_parables/factory_trilogy/archivists_lock.md,md,14022,15ef7a90cba31620c36f08f2b6000be7d3df63680553c18136df9ca91ff68da0,yes,stale_build_output,G058,
docs/visual_parables/factory_trilogy/colophon.md,md,146,a76c849e43fb713a7c52311fc5bf5fef23033e9df5713d9cfc121a1a5e089280,yes,stale_build_output,G469,
docs/visual_parables/factory_trilogy/continuum_arc.md,md,30891,2d2beb270787d50435dc34db030445680c14feadd8a10bb26e021499e7ef6f13,yes,stale_build_output,G111,
docs/visual_parables/factory_trilogy/darkness_bible.md,md,103318,c028a417e3f12c67ecdc9e823371da345c50dc5020ddf346b9d140d0a1ecbb0e,yes,stale_build_output,,
docs/visual_parables/factory_trilogy/epilogue_halid.md,md,12789,56a73ed9748b2f50f88b0c504f8a7b7e5d15119eac964518d3c2b2d8531604ad,yes,stale_build_output,G224,
docs/visual_parables/factory_trilogy/era_in_betwe.md,md,16137,9b98c326e94c4bc38972128e8b7e8420582aadfdde9484151558352f038f83e2,yes,stale_build_output,G428,
docs/visual_parables/factory_trilogy/era_of_smog.md,md,14053,32a15c0392d148231a6d3343a3c92cbace05ea5bd00540c93ebfcba2c6040570,yes,stale_build_output,,
docs/visual_parables/factory_trilogy/factory_closure.md,md,12095,f43bb6f740fbe2278f040d4cf037c7c56eea18562dda3f0902c47cfdd32f0bbf,yes,stale_build_output,,
docs/visual_parables/factory_trilogy/factory_psalter.md,md,11220,b235c2469ac272613eb6b3182348223dc48fe3bb87b18ccff50000f9a2fd22b4,yes,stale_build_output,G497,
docs/visual_parables/factory_trilogy/genesis_ant_skeleton_bear.md,md,11724,14924666e83bf6746180332f4e732aff57b87aa19a730f8ff2c9f96aa69a7312,yes,stale_build_output,G055,
docs/visual_parables/factory_trilogy/genesis_of_rebis.md,md,17431,ed9b039a68acd3b13969ac8c67eac074e042b72667663ddf2440cfa1d9613754,yes,stale_build_output,G669,
docs/visual_parables/factory_trilogy/good_ending.md,md,13237,e4c9b2e2a5da349c73f9c874c09e2b69c63da0b8dc282acc2fdec14a3f0c62f6,yes,stale_build_output,G645,
docs/visual_parables/factory_trilogy/gospel_according_to_maintenance_mouse.md,md,3721,54ad92a026430ca7a59de8262ce9fcddae003490d176956cac519c1d1d9a4cee,yes,stale_build_output,G217,
docs/visual_parables/factory_trilogy/gospel_of_two_questions.md,md,8666,fa3214d200425fbf7afa787c4c08d9bb9a781db113c467c54876107f9ddec387,yes,stale_build_output,G715,
docs/visual_parables/factory_trilogy/horror_ending.md,md,15593,6802d22e3be896bda9acd49cdeb21c7c7d16315739a74dfdcbe4c4f830de16b9,yes,stale_build_output,G274,
docs/visual_parables/factory_trilogy/luigi_audit.md,md,89337,4578ebac01b2506e43cef6be67f1bd2885fbc6889992349f752423716da7217d,yes,stale_build_output,,
docs/visual_parables/factory_trilogy/mario_codex.md,md,53908,c017c65f8a898089916161472fb6522a8ec365b5b767979574ac3b8ba36d2d7a,yes,stale_build_output,G544,
docs/visual_parables/factory_trilogy/prequel_the_bear_bees_first_table.md,md,16538,43cc180e55fd8ca6dbbe588a04a12ed330759ac58242fb7cc715ac98a7bc1b1f,yes,stale_build_output,G179,
docs/visual_parables/factory_trilogy/rossing_and_betmenus4.md,md,23892,68986a3288aac44b17b98a0e6edcbbd84c0d86a0d55ab0ef95e16e87397a8716,yes,stale_build_output,,
docs/visual_parables/factory_trilogy/schism_two_tanks.md,md,10629,6b404b42958a85ea8553d15f017131a14ee4349ead342e3fec700412503bbd19,yes,stale_build_output,G288,
docs/visual_parables/factory_trilogy/second_booting.md,md,22417,66b83fa91253c96085d2894939b48dd01aa05a2795e55df54069cc021ac87d14,yes,stale_build_output,G268,
docs/visual_parables/factory_trilogy/the_mouse_incident.md,md,23774,7c01258121aef3de7e5d10558b00d91138ddcaec3ee8b6c08639032d66ca5edb,yes,stale_build_output,G349,
docs/visual_parables/factory_trilogy/trilogy_index.md,md,8197,ea1771eba87080010d4f873977bb6325520f4c8c9e44ba92f45cb25eea7b415d,yes,stale_build_output,G659,
docs/visual_parables/factory_trilogy/urgot_codex.md,md,14211,2aca87227157d0cde8f9cf9f0aa4b0bbf23254647d4731e29f51694c26ea37f3,yes,stale_build_output,,
docs/visual_parables/factory_trilogy/urgot_origin.md,md,12901,4478f98df402cf05285e0a023a40f65dd981068f4c1765ab3b32afb9ae62c836,yes,stale_build_output,G181,
docs/visual_parables/pre_factory_bestiary/CREATURE_INDEX.md,md,5533,62dc437fd233c6968014405b775ab6fd64466667571058f865e908a6bed0048b,yes,stale_build_output,,
docs/visual_parables/pre_factory_bestiary/MEADOW_HONEY_ORIGIN_NOTES.md,md,5742,b7581f80a67ec4f222af95d089973aa05751ea5958a49fe5aa0f27fafda8ce8a,yes,stale_build_output,,
docs/visual_parables/pre_factory_bestiary/README.md,md,3318,356f6c6fe1ee8eb70015999ca0f83f3065cda094e643ebfb2d32a2ed7920b57f,yes,stale_build_output,,
docs/visual_parables/pre_factory_bestiary/TWELVE_OF_THE_TABLE_NOTES.md,md,4118,e708db215b75c8a989ba0d7d3087f599a926cee8fb60a0c4ade8d644b77673b4,yes,stale_build_output,,
docs/visual_parables/pre_factory_bestiary/VISUAL_QUEUE.md,md,9362,1f880f89e01b9eaf6a4bd2b9b7a4d272f651cbb316c66c55053b509067751e87,yes,stale_build_output,,
examples/QUICK_EXAMPLE.md,md,1174,4eb50c8aa297e78b43eaf2a51ec16c5e458c2353406b6fb0eec335837dfc8bc2,yes,documentation,,
examples/example_claim.yaml,yaml,2403,0003b3f31395fe07b2905160d31cbf61391dc96d94d7413e5b18fcf91f940617,yes,other,,
examples/example_debate.md,md,3870,588972d567cc82d29b14859dda228e7bad109ec58540d797a748b8ba32f485f0,yes,documentation,,
examples/example_source_card.yaml,yaml,2142,6ca92c2c1949319cc0cc43fc5ebfa2ff09605bd9e37f1d9419ee920d91c96abd,yes,other,,
ghostcore/GHOSTCORE_IMPLEMENTATION_SUMMARY.md,md,13178,51f96fc22eb1d3a96f51422f3a821ab8aa16a79cc8a0fc3214e4e40fd1b5b238,yes,documentation,,
ghostcore/GHOSTCORE_QUICK_REFERENCE.md,md,3422,f6ab0ec8c23dee87c246e7815ce540331e4e9c7edaceef155e011792baa737d5,yes,documentation,,
local_options/README.md,md,1245,5ef4ec10b74c5829e7619eb625215e88bda318afb829dc1d5001f2b97a8d06b2,yes,documentation,,
machine_context/AI_SYSTEM_PROMPT.md,md,899,a7b44905bf42f482930e2ccb4fa177469b8bbf70e26184ef723e8df9dc3a09d9,yes,documentation,,
machine_context/CLAIM_SCHEMA.yaml,yaml,1183,d7b537ac1580f059ac30babfbea3880e8a3195f7bdf9870a6320999834b5fe1d,yes,other,,
machine_context/CONSMAP_CONTEXT_CARD.yaml,yaml,4957,b91e2263bd30d5a4f0db9cae30d31461a05dd1ddeef2dbdf2b5ae54e6bcc2fc7,yes,other,,
metadata.json,json,254,625adf3578adf42932da3dc7fd544ef561c67e72ebd54ee2b38e10758211381b,yes,other,,
netlify.toml,toml,187,46bb19cf3e81f9267f6b4a867e94aac734cf7211797c3c331a9290263d462d15,yes,other,,
prompts/AI_BOOTSTRAP_PROMPT.md,md,1858,e6951c062bd9833f1ef254c49419512c5a27425a7252834fa29733d62c5a52c5,yes,documentation,,
prompts/rebis_context_prompt_v0.1.md,md,3606,07b68492cd59b824ee2d1584f39d966d12af038dea69c894c109af31247b2082,yes,documentation,,
protocols/claim_hygiene.md,md,2581,69a8ca6cf43c15541022142321d18007dacb4bc22df388edea21ff7608dbde63,yes,documentation,,
protocols/operator_audit.md,md,2270,c1599a0ce9b3aecb391469539b911c8c25570566f62cf113a6bf7df9cbe5c6ea,yes,documentation,,
protocols/operator_field_guide_v2_3.md,md,7782,a558546a617fb1eabd9fafb9d1b7d61c66fb7f7c10d0cb514d01110938773e5a,yes,documentation,,
protocols/provenance_graph.md,md,3435,95234faafc66b5668b854a460e55a3cc346e80d521287105c4c1e3c3ad03dcf6,yes,documentation,,
protocols/stone_river.md,md,7608,c140c08e3e1a6460040e9b41077401596a563c71ba1f1651d470f35f3d569b69,yes,documentation,,
protocols/ttt_patterns.md,md,7295,f46b6ea9275e00fb9e8a79b44f033e08cbc28065052ef89c06af66148ac17857,yes,documentation,,
requirements.txt,txt,12,71749243f84428fee225bfaa796dca5ef6c1e83a98f6d2a407df615b0390d6fb,yes,other,,
research/archive/classics/CLASSICS_INDEX.md,md,774,18a07ad3856f414a0420845f2cb9b9fd00769aaeb0085fd7ccfe8a99e8bd3825,yes,documentation,,
research/archive/classics/README.md,md,746,3f1c4bdb7ffd47441ec082ded3f4a389ef7eedbb9740fb413323529741f41878,yes,documentation,,
research/archive/classics/cards/hal9000.card.md,md,4721,28e5cc845ab82e12f9041f0c94b9f7afbd631420d5a7a1ee48bcf0954bc62631,yes,documentation,,
research/archive/classics/cards/hal9000.test.md,md,6410,e9770b7320a99046bf11d31059cc4218e2c2a19dadb69cf61c55960d13818548,yes,documentation,,
research/archive/classics/cards/tests/ai_assistant_constraint_opacity.test.md,md,4030,f92fbcf551d74bb1b0d7768d2529360c0082f1a10bf58642b4a1d85ceb2a1d81,yes,documentation,,
research/archive/classics/cards/tests/ai_fake_citations_false_grounding.test.md,md,6350,d98e827cc61a1acefc4ccba7d4d58a424a8a2951c4323817ea7a892ae1694920,yes,documentation,,
research/archive/classics/cards/tests/ai_hallucination_overconfidence.test.md,md,6857,d2d338f407427001310f62716f5a3495536fd5acfd1895278d941c4177c281bb,yes,documentation,,
research/archive/classics/cards/tests/examples/ai_unread_pdf_false_summary.example.md,md,5122,cdf20035f9246c1b83e05f833b1c7dc9437e1dee042d0f531853b0f5762614dc,yes,documentation,,
research/archive/classics/cards/tests/examples/live_audit_partial_file_access.example.md,md,4487,08d4091e47c0d51aaba94bf0d1e1cb66ce7fc8e399f5adcab37c5eb5e1f6b88c,yes,documentation,,
research/archive/classics/cards/uncertainty_compression.card.md,md,5549,62715e390bffbe012feccda48c26cbbe4d315515a790cfbdf59c69482fb978bc,yes,documentation,,
research/archive/classics/manifest.yaml,yaml,2361,f69d0ec011d900f7c8723a4fe8f80e3e397024bef497ba7ea0fcd45b2e2c49d0,yes,other,,
research/archive/session_notes/THE_SHELF/README.md,md,2002,55d9f18529af2252182b310d652e378cbd11c60bb888552b3ab9be5427be6691,yes,documentation,,
templates/README.md,md,882,1d501a1936cb45db6a65bcc8d2eabe8d01d76e787333bb3c1edf47ff76df1789,yes,documentation,,
templates/my_ai_dialogue_style.md,md,840,69fc867b56c45a42d0dea22a8d2412fa0b5aba168ede0dc3218cb7ef5aacd703,yes,documentation,,
templates/my_boundaries.md,md,1188,5d2bbb5f3f73ced08f432ee8299376c7f6dbd5555f731846dfa9c76a4196a66f,yes,documentation,,
templates/my_context.md,md,989,2269c42e9751e8fd303cfcffb4a7bd21226a58a6d64f0b820f87893f1200a376,yes,documentation,,
templates/my_journal_index.md,md,856,76af7d9114601890c4cdf7f602c1352b9419245bf2c5169f993048d63c091444,yes,documentation,,
templates/my_projects.md,md,994,0d134be829a1ad74782a7b5a7df18a9118180a4636b3687ea8c62ac6191243db,yes,documentation,,
templates/my_values.md,md,973,34c13bbf1c2ccc581e238be1fc949e53e2c59023fda0f3c7a05c3d51abf311c6,yes,documentation,,
tools/analyze_claim.py,py,18912,a4561bf6d8d306a1188ddc6fad98835f1ffc25314f5088be05464e1f9bad60d3,yes,other,,
tools/create_claim_card.py,py,4676,7e43e733e9ba3963cbc1cedadb12ce5a1d332c399968d18e6bdae964e4edbe48,yes,other,,
user_research/README.md,md,2085,e0ae697b98144898307283e5589088d43f0d01d92462dbdb5fce7575c1ffa434,yes,documentation,,
user_research/claims_pending/.gitkeep,none,0,e3b0c44298fc1c149afbf4c8996fb92427ae41e4649b934ca495991b7852b855,yes,other,G642,
user_research/disputed/.gitkeep,none,0,e3b0c44298fc1c149afbf4c8996fb92427ae41e4649b934ca495991b7852b855,yes,other,G642,
user_research/evidence_verified/.gitkeep,none,0,e3b0c44298fc1c149afbf4c8996fb92427ae41e4649b934ca495991b7852b855,yes,other,G642,
user_research/inbox_raw/README.md,md,1064,515dc4173698c676d07e7677cab9f598d26c2f4ca238dbb7cf272d63b9499424,yes,documentation,,
user_research/rejected/.gitkeep,none,0,e3b0c44298fc1c149afbf4c8996fb92427ae41e4649b934ca495991b7852b855,yes,other,G642,
user_research/restricted/.gitkeep,none,0,e3b0c44298fc1c149afbf4c8996fb92427ae41e4649b934ca495991b7852b855,yes,other,G642,
user_research/symbolic_metaphor/.gitkeep,none,0,e3b0c44298fc1c149afbf4c8996fb92427ae41e4649b934ca495991b7852b855,yes,other,G642,
workflows/multi_model_pipeline.md,md,1343,a58e40a40c29447d1990c79b28ae8b94e678d76071c0e1778ea8816e3177b3cf,yes,documentation,,
